num,year,education,worktime,address,Salary,loan,CreditLoan,OtherLoan,violation
0,41,3,17,12,176,9.3,11.359392,5.008607999999999,1
1,27,1,10,6,31,17.299999999999997,1.3622019999999997,4.000798,0
2,40,1,15,14,55,5.5,0.8560749999999999,2.1689249999999998,0
3,41,1,15,14,120,2.9000000000000004,2.6587199999999998,0.8212800000000002,0
4,24,2,2,0,28,17.299999999999997,1.7874359999999998,3.056564,1
5,41,2,5,5,25,10.2,0.3927,2.1572999999999998,0
6,39,1,20,9,67,30.599999999999998,3.833874,16.668126,0
7,43,1,12,11,38,3.5999999999999996,0.12859199999999998,1.2394079999999998,0
8,24,1,3,4,19,24.4,1.3583479999999999,3.2776520000000002,1
9,36,1,0,13,25,19.7,2.7777,2.1473,0
10,27,1,0,1,16,1.7000000000000002,0.182512,0.08948800000000001,0
11,25,1,4,0,23,5.2,0.25235599999999997,0.9436439999999999,0
12,52,1,24,14,64,10.0,3.9296,2.4704,0
13,37,1,6,9,29,16.3,1.7159010000000001,3.011099,0
14,48,1,22,15,100,9.1,3.7037,5.3963,0
15,36,2,9,6,49,8.6,0.8175159999999999,3.3964839999999996,1
16,36,2,13,6,41,16.400000000000002,2.9182159999999997,3.8057840000000005,1
17,43,1,23,19,72,7.6,1.181952,4.290048,0
18,39,1,6,9,61,5.7,0.563274,2.9137260000000005,0
19,41,3,0,21,26,1.7000000000000002,0.09900800000000001,0.3429920000000001,0
20,39,1,22,3,52,3.2,1.154816,0.5091840000000001,0
21,47,1,17,21,43,5.6000000000000005,0.5875520000000001,1.8204479999999998,0
22,28,1,3,6,26,10.0,0.43160000000000004,2.1684,0
23,29,1,8,6,27,9.8,0.402192,2.243808,0
24,21,2,1,2,16,18.0,0.24192,2.63808,1
25,25,4,0,2,32,17.599999999999998,2.14016,3.49184,0
26,45,2,9,26,69,6.7,0.707319,3.915681,0
27,43,1,25,21,64,16.7,0.9512320000000001,9.736768000000001,0
28,33,2,12,8,58,18.4,3.0842080000000003,7.587792,0
29,26,3,2,1,37,14.2,0.20490599999999998,5.049093999999999,0
30,45,1,3,15,20,2.1,0.10500000000000001,0.31500000000000006,0
31,30,1,1,10,22,10.5,1.13883,1.17117,0
32,27,3,2,7,26,6.0,0.7222799999999999,0.8377200000000001,0
33,25,1,8,4,27,14.399999999999999,1.018656,2.869344,0
34,25,1,8,1,35,2.9000000000000004,0.07714000000000001,0.9378600000000001,0
35,26,2,6,7,45,26.0,6.048900000000001,5.6511000000000005,0
36,30,2,10,4,22,16.1,1.4097160000000002,2.1322840000000003,0
37,32,2,12,1,54,14.399999999999999,3.1959359999999997,4.580064,0
38,28,2,1,8,24,17.1,1.337904,2.766096,1
39,45,1,23,5,50,4.2,0.5586,1.5414,0
40,23,1,7,2,31,6.6000000000000005,0.33759000000000006,1.7084100000000002,0
41,34,1,17,3,59,8.0,1.80776,2.9122399999999997,0
42,42,2,7,23,41,4.6,0.9411139999999999,0.944886,0
43,39,1,19,5,48,13.100000000000001,1.9304160000000001,4.357584,0
44,26,1,0,0,14,7.5,0.30240000000000006,0.7476,1
45,21,2,0,1,16,6.800000000000001,0.150144,0.937856,0
46,35,1,13,15,35,4.5,0.43155,1.14345,0
47,47,1,4,2,26,10.4,0.12168,2.5823199999999997,0
48,23,2,0,2,21,11.4,0.775656,1.618344,1
49,35,1,18,2,42,7.3999999999999995,0.20512799999999998,2.9028719999999995,0
50,34,1,2,11,25,12.6,0.5732999999999999,2.5766999999999998,1
51,46,1,1,12,20,14.000000000000002,0.8092,1.9908000000000001,0
52,46,1,16,18,52,12.9,3.032016,3.675984,1
53,38,3,3,18,25,3.6999999999999997,0.311725,0.613275,0
54,40,2,3,2,28,9.5,0.55328,2.10672,0
55,37,1,1,3,24,15.1,1.8011279999999998,1.8228719999999998,1
56,35,1,9,1,34,5.0,0.39780000000000004,1.3022,0
57,39,2,16,13,69,2.4,1.061496,0.5945040000000001,0
58,40,3,18,6,100,2.5,1.485,1.015,0
59,50,3,10,20,80,12.2,2.47904,7.28096,0
60,31,1,9,10,28,2.4,0.047712000000000004,0.6242880000000001,0
61,29,1,13,1,42,7.3999999999999995,1.4576519999999997,1.650348,1
62,37,1,4,0,23,12.4,0.86986,1.9821399999999998,0
63,33,2,4,9,55,7.000000000000001,2.1598500000000005,1.69015,0
64,26,2,5,7,28,7.8,1.024296,1.159704,0
65,32,2,11,6,75,23.3,7.758900000000001,9.7161,1
66,28,2,2,3,23,6.4,0.186944,1.285056,1
67,39,1,19,8,46,9.1,2.515786,1.670214,0
68,28,2,8,3,31,8.200000000000001,1.4921540000000002,1.049846,1
69,29,1,1,2,20,18.6,0.56916,3.1508399999999996,1
70,34,2,3,8,21,23.1,1.401939,3.449061,0
71,28,2,5,9,34,23.799999999999997,3.0992359999999994,4.992763999999999,0
72,47,1,26,21,100,12.8,4.582400000000001,8.217600000000001,0
73,43,4,1,5,26,10.6,1.5185559999999998,1.237444,0
74,41,1,13,10,44,1.7000000000000002,0.07106,0.67694,0
75,47,1,13,25,51,23.799999999999997,3.738504,8.399496,0
76,24,1,2,1,21,0.6,0.025074000000000003,0.100926,0
77,29,1,1,9,17,6.7,0.157182,0.9818180000000001,0
78,33,1,14,2,37,2.6,0.19913399999999998,0.762866,0
79,36,1,15,10,39,3.2,0.6864,0.5616,0
80,26,1,4,3,27,10.5,2.47212,0.3628800000000001,1
81,31,1,11,12,45,17.0,2.7387,4.911300000000001,0
82,37,1,7,3,32,19.6,2.6969600000000002,3.57504,0
83,35,4,4,16,29,11.0,1.84382,1.34618,0
84,26,1,4,3,20,5.4,0.31860000000000005,0.7614000000000001,0
85,40,1,10,15,45,18.8,2.0134800000000004,6.4465200000000005,0
86,29,2,5,4,36,12.4,3.4908480000000006,0.9731519999999998,1
87,37,3,5,17,29,24.6,1.4053980000000001,5.728602,0
88,32,1,12,12,28,2.9000000000000004,0.11611600000000001,0.6958840000000001,0
89,23,2,0,1,17,27.700000000000003,2.0437060000000002,2.6652940000000003,1
90,32,1,3,10,23,6.2,0.052762,1.373238,0
91,25,1,1,6,15,11.4,0.37107,1.33893,1
92,38,1,5,5,54,10.6,1.4996880000000001,4.224312,0
93,32,2,0,6,18,5.800000000000001,0.29649600000000004,0.747504,1
94,41,3,2,0,15,26.3,1.960665,1.9843350000000002,1
95,36,1,17,6,54,4.3999999999999995,0.7270559999999999,1.648944,0
96,42,3,13,0,82,3.3000000000000003,1.315116,1.390884,0
97,41,1,14,8,52,7.3,0.9262239999999999,2.869776,0
98,29,2,4,9,19,6.3,0.6810930000000001,0.515907,0
99,38,3,4,6,31,9.3,1.3319459999999999,1.5510540000000002,1
100,39,1,22,9,113,2.6,0.9871679999999999,1.9508319999999997,0
101,36,1,6,9,26,8.3,0.030212,2.127788,0
102,33,1,8,7,27,5.800000000000001,0.776736,0.7892640000000001,0
103,42,2,21,11,121,3.1,1.365364,2.385636,0
104,41,2,22,17,75,23.599999999999998,9.8766,7.8233999999999995,0
105,40,1,8,17,28,3.5999999999999996,0.53424,0.47375999999999996,0
106,53,1,9,18,50,11.200000000000001,2.016,3.5840000000000005,1
107,28,1,4,7,26,13.5,1.29519,2.21481,0
108,36,2,12,13,60,7.9,1.72062,3.01938,0
109,34,2,9,13,45,10.100000000000001,1.11807,3.42693,0
110,45,3,2,5,39,4.9,0.45864,1.45236,0
111,38,1,6,0,41,8.9,0.26637700000000003,3.382623,0
112,21,3,0,2,24,7.7,0.833448,1.014552,0
113,42,1,12,11,51,21.4,2.411994,8.502006,0
114,52,1,16,25,64,8.6,1.8658559999999997,3.6381439999999996,0
115,25,2,4,6,33,5.2,0.552552,1.1634479999999998,0
116,34,2,9,9,65,6.2,2.10769,1.9223100000000004,0
117,40,2,15,16,73,3.4000000000000004,1.032512,1.449488,0
118,31,2,0,4,27,12.8,1.08864,2.3673599999999997,1
119,25,1,1,0,20,6.7,0.47168,0.8683200000000001,1
120,45,1,12,19,37,9.5,1.34273,2.17227,0
121,23,1,3,0,19,8.4,0.2793,1.3167,1
122,34,4,6,3,27,35.3,1.9824479999999998,7.548551999999999,1
123,31,1,2,4,22,12.7,1.092454,1.701546,1
124,28,1,5,9,22,2.8000000000000003,0.14044800000000002,0.475552,0
125,41,1,7,11,43,4.3999999999999995,0.6943639999999999,1.1976360000000001,0
126,39,2,7,2,68,13.0,1.0166,7.8233999999999995,1
127,29,2,9,3,36,1.4000000000000001,0.12700799999999998,0.376992,0
128,21,1,5,1,25,9.0,0.36675,1.8832499999999999,0
129,41,2,19,2,68,5.800000000000001,1.5066080000000002,2.437392,0
130,26,4,1,7,27,2.9000000000000004,0.311634,0.471366,0
131,33,1,5,10,18,12.9,0.9845280000000001,1.337472,0
132,45,2,18,19,35,17.4,0.5481,5.5419,0
133,39,1,17,20,60,13.700000000000001,2.4495600000000004,5.770440000000001,0
134,24,1,7,2,21,6.3,0.5199389999999999,0.803061,0
135,29,2,6,7,57,2.1999999999999997,0.45269400000000004,0.801306,0
136,27,2,1,0,23,12.4,0.2852,2.5667999999999997,0
137,40,1,13,2,28,5.8999999999999995,0.964768,0.687232,0
138,29,1,8,10,24,6.7,0.469536,1.1384640000000001,0
139,29,2,4,3,37,6.6000000000000005,1.15995,1.2820500000000001,1
140,24,1,0,2,16,16.0,1.00864,1.55136,1
141,27,1,9,6,45,17.8,2.85156,5.15844,1
142,41,3,16,22,135,4.3999999999999995,1.2771,4.6629,0
143,31,1,11,8,25,9.1,0.14104999999999998,2.13395,0
144,41,1,16,17,68,5.4,0.44798400000000005,3.224016,0
145,42,2,5,3,41,3.4000000000000004,0.35547,1.0385300000000002,0
146,28,4,1,3,26,12.4,0.37720800000000004,2.846792,0
147,30,4,2,8,25,10.0,1.77,0.73,0
148,30,1,11,1,33,8.4,0.6819120000000001,2.090088,0
149,31,1,8,4,44,8.0,1.72128,1.79872,0
150,45,2,15,14,51,18.099999999999998,1.550808,7.680192,0
151,43,1,13,23,76,6.1,2.151104,2.484896,1
152,36,1,4,10,23,16.3,1.327146,2.421854,0
153,28,1,8,6,30,7.199999999999999,0.61344,1.5465599999999997,0
154,27,2,3,5,33,13.200000000000001,1.6335,2.7225,0
155,36,3,13,3,39,19.2,2.8005120000000003,4.687488,0
156,33,1,12,11,32,11.3,2.104512,1.511488,0
157,54,1,9,2,28,14.799999999999999,1.558144,2.585856,1
158,33,1,9,4,29,13.8,1.3486740000000002,2.6533260000000007,1
159,31,1,9,5,26,4.5,0.31004999999999994,0.85995,0
160,21,1,4,0,26,8.9,1.420796,0.8932040000000001,0
161,28,3,5,9,44,8.7,0.7732559999999999,3.054744,0
162,31,2,2,1,26,6.800000000000001,0.2828800000000001,1.4851200000000002,1
163,32,1,8,6,26,4.1000000000000005,0.32619600000000004,0.739804,0
164,35,2,1,8,24,12.5,0.591,2.409,1
165,40,2,13,11,102,18.9,6.226794,13.051205999999999,1
166,22,1,4,2,24,15.6,1.636128,2.1078719999999995,1
167,39,1,4,9,38,6.5,1.17819,1.2918100000000001,0
168,41,4,14,3,44,1.7000000000000002,0.353056,0.394944,0
169,34,1,16,9,79,4.0,1.7348400000000002,1.42516,0
170,29,1,7,9,22,9.700000000000001,0.550572,1.583428,0
171,31,1,4,10,28,11.3,0.291088,2.8729120000000004,0
172,32,1,1,0,20,4.8,0.31488,0.6451199999999999,1
173,32,1,14,7,73,8.799999999999999,3.7516159999999994,2.672384,0
174,33,1,6,14,21,7.5,0.567,1.008,0
175,26,1,6,0,22,10.299999999999999,0.720588,1.545412,0
176,21,1,1,1,18,17.299999999999997,0.15881399999999998,2.955186,0
177,28,2,7,2,34,7.000000000000001,0.35938000000000003,2.02062,0
178,37,1,13,5,24,8.9,0.6023520000000001,1.533648,0
179,33,2,2,14,35,22.900000000000002,2.123975,5.891025000000001,1
180,39,1,12,10,46,5.0,0.5612,1.7388000000000003,0
181,40,2,8,19,57,5.6000000000000005,0.8778,2.3142,0
182,45,3,16,21,80,3.0,0.912,1.488,0
183,27,1,10,6,34,6.5,0.85085,1.35915,0
184,28,4,0,7,29,24.2,1.424654,5.5933459999999995,0
185,39,1,13,9,27,8.0,0.96552,1.19448,0
186,40,1,14,21,43,15.0,2.79285,3.65715,1
187,27,1,11,8,56,16.900000000000002,4.63736,4.82664,0
188,36,1,1,4,16,9.3,0.433008,1.054992,0
189,55,1,19,2,78,15.6,4.404815999999999,7.763184,0
190,27,2,4,3,22,13.200000000000001,1.086096,1.817904,1
191,30,1,1,8,17,11.0,0.74613,1.1238700000000001,0
192,36,1,10,0,28,11.200000000000001,0.81536,2.32064,1
193,31,1,1,6,21,2.5,0.2772,0.24780000000000002,1
194,33,2,13,2,40,7.199999999999999,0.18144,2.69856,0
195,30,1,4,0,33,4.2,0.5003460000000001,0.885654,0
196,24,1,1,0,18,5.8999999999999995,0.23894999999999997,0.8230499999999998,1
197,33,4,9,10,28,4.3,0.37685199999999996,0.827148,0
198,50,1,8,27,47,6.9,0.39888900000000005,2.8441110000000003,0
199,31,2,6,6,32,23.1,3.341184,4.050816,1
200,28,1,3,7,19,4.1000000000000005,0.26096500000000006,0.518035,0
201,44,3,8,10,88,6.1,0.28450400000000003,5.083496,1
202,48,4,3,23,45,9.8,0.97461,3.43539,0
203,36,2,0,17,30,9.700000000000001,0.32883000000000007,2.58117,0
204,29,3,7,1,63,5.5,0.571725,2.893275,0
205,40,3,17,11,116,6.0,2.56128,4.39872,0
206,33,1,7,6,26,6.0,0.54288,1.01712,0
207,26,2,6,6,30,1.0,0.1437,0.1563,0
208,36,1,14,11,81,7.199999999999999,1.784592,4.047408,0
209,26,2,6,0,35,1.9,0.08578500000000001,0.579215,0
210,40,3,16,6,116,12.1,1.61414,12.421859999999999,0
211,44,1,5,3,48,9.0,1.9699200000000001,2.35008,1
212,29,3,1,10,30,4.5,0.27945,1.07055,0
213,35,3,5,3,37,5.4,0.581418,1.416582,1
214,34,1,16,3,75,10.4,3.9546,3.8453999999999997,0
215,34,3,12,8,47,6.7,1.300537,1.848463,0
216,46,1,14,25,35,10.2,1.34946,2.2205399999999997,0
217,41,2,21,22,145,12.2,3.2372700000000005,14.45273,0
218,27,2,7,8,30,4.0,0.44759999999999994,0.7524,1
219,27,4,0,6,70,8.0,1.6184,3.9816000000000003,1
220,28,1,11,6,24,2.4,0.10713600000000001,0.46886400000000006,0
221,48,3,0,27,19,10.8,0.8495280000000001,1.202472,0
222,48,3,17,26,113,12.0,3.3764399999999997,10.18356,0
223,29,3,5,6,70,19.900000000000002,3.1760400000000004,10.753960000000001,1
224,43,2,9,5,60,20.4,4.039199999999999,8.2008,1
225,23,1,5,2,17,7.9,0.302175,1.040825,0
226,29,2,10,8,44,18.099999999999998,3.7032599999999998,4.26074,0
227,40,4,5,6,75,1.9,0.8849250000000001,0.540075,0
228,22,2,0,3,20,5.6000000000000005,0.20720000000000002,0.9128000000000001,0
229,23,1,7,3,22,14.399999999999999,0.8490239999999999,2.3189759999999997,0
230,46,3,9,10,60,15.299999999999999,1.6065,7.573499999999999,0
231,55,1,3,11,40,8.0,0.5632,2.6368,1
232,38,2,8,16,38,0.6,0.029412000000000004,0.19858800000000001,0
233,35,2,5,1,33,2.8000000000000003,0.103488,0.820512,0
234,30,1,11,9,27,0.8999999999999999,0.073872,0.169128,0
235,24,1,7,0,18,6.5,0.5265,0.6435,0
236,26,2,4,3,28,9.5,0.22610000000000002,2.4339,0
237,32,2,2,11,15,9.1,0.118755,1.246245,1
238,37,2,11,4,75,3.5000000000000004,0.6326250000000001,1.9923750000000005,0
239,39,1,6,19,42,19.900000000000002,2.5408320000000004,5.817168000000001,1
240,30,2,4,4,21,18.3,0.491904,3.351096,0
241,30,1,10,11,39,9.5,2.0562750000000003,1.6487249999999998,0
242,32,2,7,10,32,4.3,0.43343999999999994,0.94256,0
243,54,3,21,20,118,14.399999999999999,9.600479999999997,7.39152,0
244,27,3,3,4,35,13.3,1.60132,3.05368,0
245,31,1,12,4,31,23.7,2.0571599999999997,5.28984,0
246,39,1,15,16,39,1.7999999999999998,0.139698,0.562302,0
247,31,1,5,3,25,14.099999999999998,1.17735,2.34765,0
248,35,1,15,11,40,18.5,1.2136000000000002,6.1864,0
249,35,2,10,16,98,13.3,4.874716,8.159284,0
250,46,2,22,17,144,11.1,3.324672,12.659328,0
251,33,1,13,3,52,21.3,2.71362,8.36238,1
252,35,2,13,3,105,1.9,1.418445,0.5765549999999999,0
253,35,2,1,1,21,7.9,0.369957,1.289043,0
254,38,1,5,13,21,9.0,0.44982,1.4401799999999998,0
255,41,1,19,1,96,7.8,2.253888,5.234112,0
256,38,1,18,19,44,4.5,0.60588,1.37412,0
257,34,3,2,14,39,13.200000000000001,1.1428560000000003,4.0051440000000005,0
258,51,3,16,25,82,4.3999999999999995,2.6049759999999997,1.003024,0
259,34,2,10,2,33,9.5,0.573705,2.5612950000000003,0
260,47,1,15,1,30,24.5,2.21235,5.13765,0
261,34,2,8,6,78,5.4,2.156544,2.055456,0
262,27,2,8,7,18,11.899999999999999,0.40055399999999997,1.7414459999999998,0
263,52,1,9,11,24,19.2,0.8017920000000002,3.8062080000000003,1
264,39,1,9,6,35,5.0,0.23275,1.51725,0
265,33,1,7,0,22,6.4,0.630784,0.7772159999999999,0
266,34,1,0,1,21,7.199999999999999,0.18748799999999996,1.324512,0
267,31,3,9,7,59,14.6,3.1096539999999995,5.504346,1
268,28,1,2,9,16,15.2,0.870656,1.561344,0
269,39,1,19,16,45,3.6999999999999997,0.9157499999999998,0.74925,0
270,51,2,22,23,120,7.6,4.140479999999999,4.97952,0
271,22,1,4,1,16,1.2,0.08448,0.10752,0
272,27,3,6,4,26,10.4,0.9301759999999999,1.7738239999999998,0
273,32,1,16,10,38,21.0,0.69426,7.28574,0
274,28,2,6,7,38,7.199999999999999,0.7742879999999999,1.961712,0
275,27,2,1,0,20,10.299999999999999,0.37698000000000004,1.68302,1
276,26,2,2,6,24,13.600000000000001,1.5765120000000001,1.687488,1
277,32,1,14,0,36,2.4,0.273024,0.590976,0
278,30,1,0,11,17,3.6999999999999997,0.44659,0.18241000000000002,1
279,39,1,13,1,38,8.9,1.8973019999999998,1.4846979999999999,0
280,31,1,11,6,28,4.8,0.345408,0.9985920000000001,1
281,34,1,15,2,39,24.7,4.373381999999999,5.259618,1
282,31,1,8,3,41,12.6,0.134316,5.031684,0
283,29,2,1,7,25,10.4,0.5694,2.0306,0
284,29,1,9,0,25,13.900000000000002,1.0703000000000003,2.4047,0
285,35,2,9,16,30,7.6,0.6497999999999999,1.6301999999999999,0
286,29,1,11,7,32,6.0,0.92736,0.99264,0
287,38,2,2,16,22,22.7,1.208548,3.785452,1
288,35,1,16,15,36,3.4000000000000004,0.17870400000000003,1.0452960000000002,0
289,29,1,11,5,36,6.1,0.7093079999999998,1.486692,0
290,23,2,3,4,34,4.3999999999999995,0.26180000000000003,1.2342,0
291,33,4,9,8,32,5.5,0.49632,1.26368,0
292,51,2,19,25,159,2.8000000000000003,1.06848,3.38352,0
293,24,1,4,2,21,2.6,0.09937199999999999,0.4466279999999999,0
294,31,1,10,12,49,9.8,3.2365480000000004,1.565452,1
295,45,1,10,14,52,5.4,0.932256,1.8757439999999999,0
296,29,1,3,1,17,9.0,0.46971,1.06029,0
297,34,1,0,10,20,17.1,2.0485800000000003,1.37142,0
298,25,2,4,5,27,5.0,0.54945,0.8005500000000001,1
299,37,1,20,2,56,1.9,0.54264,0.52136,0
300,47,1,29,18,129,25.3,20.561310000000002,12.075689999999998,1
301,43,2,6,24,54,9.6,0.6220800000000001,4.56192,0
302,47,1,22,19,81,5.5,1.50579,2.94921,0
303,24,1,6,2,21,5.2,0.108108,0.9838919999999999,0
304,27,3,5,1,75,6.3,2.206575,2.5184249999999997,0
305,25,1,9,4,18,1.2,0.06588,0.15012,0
306,36,3,11,12,44,14.7,0.44629199999999997,6.021708,0
307,39,1,16,20,57,19.400000000000002,1.559178,9.498822,0
308,26,1,10,1,25,7.1,1.3063999999999998,0.4686000000000001,0
309,41,1,4,19,25,10.100000000000001,1.0605000000000002,1.4645000000000001,0
310,39,1,19,15,60,27.1,9.5934,6.666600000000001,1
311,37,1,18,8,54,12.1,4.593402,1.9405979999999996,0
312,29,1,2,0,14,14.399999999999999,0.586656,1.429344,1
313,42,1,6,9,31,11.600000000000001,1.02486,2.5711399999999998,0
314,31,4,1,6,29,11.1,1.0654890000000001,2.153511,0
315,36,1,4,15,17,17.299999999999997,0.520557,2.4204429999999997,0
316,39,1,16,4,52,20.0,4.16,6.24,0
317,23,4,0,2,23,6.7,0.46846400000000005,1.0725360000000002,0
318,39,1,4,15,33,7.000000000000001,0.39732,1.91268,0
319,27,3,4,1,40,3.1,0.28396,0.95604,1
320,24,1,8,4,24,5.0,0.3816000000000001,0.8184,0
321,27,3,3,4,45,11.0,0.29205000000000003,4.6579500000000005,1
322,41,1,16,22,49,1.6,0.43119999999999997,0.35280000000000006,0
323,38,1,0,8,23,8.1,0.897966,0.965034,1
324,40,2,5,12,35,16.400000000000002,1.58424,4.15576,1
325,54,1,25,12,120,26.5,14.596200000000001,17.2038,1
326,40,1,12,6,89,17.4,2.771994,12.714006,0
327,40,1,2,4,32,3.6999999999999997,0.853664,0.33033599999999996,0
328,29,1,1,8,31,8.0,0.15624000000000002,2.32376,0
329,30,1,8,6,23,12.0,0.76176,1.9982399999999998,0
330,29,1,1,1,18,1.0999999999999999,0.029897999999999997,0.16810199999999997,0
331,29,3,3,3,50,2.4,0.2592,0.9408,1
332,28,4,2,4,41,2.5,0.45920000000000005,0.5658000000000001,1
333,28,4,0,5,38,10.4,0.6362720000000001,3.315728,0
334,39,2,16,9,89,14.299999999999999,5.001710999999999,7.725288999999999,0
335,32,1,11,2,53,3.3000000000000003,0.08919900000000001,1.659801,0
336,36,2,7,16,43,15.4,2.6488,3.9732,0
337,39,1,20,12,39,8.200000000000001,0.7739159999999999,2.424084,0
338,28,3,6,8,47,19.8,5.574294000000001,3.731706,1
339,28,1,4,2,28,14.2,0.43735999999999997,3.5386399999999996,1
340,46,1,6,19,31,12.2,1.98555,1.79645,0
341,30,2,4,8,15,6.5,0.35002500000000003,0.6249750000000001,0
342,39,2,15,19,32,4.9,0.42179200000000006,1.1462080000000001,0
343,40,3,5,3,220,16.0,8.166400000000001,27.0336,1
344,44,2,18,4,74,13.4,4.5216959999999995,5.394304000000001,0
345,30,1,0,8,19,16.6,0.624492,2.5295080000000003,1
346,24,2,3,0,19,4.3,0.35866299999999995,0.458337,0
347,32,1,10,13,32,11.3,1.1679680000000001,2.448032,0
348,29,2,3,8,15,2.6,0.14664,0.24335999999999997,0
349,40,2,2,1,36,3.8,0.27770399999999995,1.090296,0
350,41,2,8,21,43,0.7000000000000001,0.085785,0.215215,0
351,22,1,1,3,17,18.6,0.80631,2.35569,0
352,38,1,10,8,34,1.2,0.036312000000000004,0.371688,0
353,37,2,6,13,62,8.5,1.18575,4.084250000000001,0
354,41,3,18,6,71,15.7,6.565583,4.581417,1
355,41,3,7,6,56,14.499999999999998,0.37351999999999996,7.746479999999999,1
356,39,1,2,15,22,23.1,1.915914,3.166086,1
357,24,2,0,2,15,16.1,0.321195,2.093805,1
358,32,3,9,10,51,23.0,2.68617,9.04383,0
359,21,3,0,1,26,7.7,1.5295279999999998,0.472472,0
360,29,1,13,7,27,2.3,0.06893099999999999,0.552069,0
361,35,2,14,3,82,0.8,0.468384,0.187616,0
362,29,1,6,7,21,18.099999999999998,1.1098919999999999,2.691108,0
363,41,2,2,22,30,6.7,0.11256000000000002,1.8974400000000002,0
364,37,1,0,18,18,12.9,1.583604,0.738396,1
365,32,2,3,13,47,1.9,0.42863999999999997,0.46436000000000005,0
366,36,5,5,12,20,8.1,0.729,0.8910000000000001,0
367,39,2,18,9,44,2.1,0.367752,0.5562480000000001,0
368,36,1,18,9,67,11.200000000000001,5.245296000000001,2.258704,0
369,46,3,22,4,99,2.3,0.826551,1.450449,0
370,34,1,13,11,51,9.6,1.875168,3.020832,0
371,27,1,7,4,26,9.1,0.641186,1.724814,0
372,43,1,8,11,45,3.3000000000000003,0.6771600000000001,0.80784,0
373,33,1,14,8,72,41.3,15.01668,14.719319999999998,1
374,39,2,20,17,101,1.4000000000000001,0.340774,1.073226,0
375,29,1,1,4,17,2.5,0.13175,0.29325,0
376,34,4,7,15,40,6.4,0.9497599999999999,1.6102400000000001,0
377,26,1,1,0,21,4.9,0.6081390000000001,0.42086100000000004,0
378,31,1,15,2,60,4.8,0.80352,2.07648,0
379,26,1,10,6,24,2.7,0.31104000000000004,0.33696,0
380,28,1,12,7,45,7.7,1.853775,1.611225,0
381,48,1,13,20,50,30.8,6.1138,9.286200000000001,1
382,39,2,2,12,46,16.0,4.00384,3.35616,1
383,37,1,3,3,25,3.6999999999999997,0.27564999999999995,0.64935,0
384,52,5,9,0,70,9.4,1.3291600000000001,5.25084,1
385,48,1,3,11,27,21.3,1.403244,4.3477559999999995,0
386,26,1,7,3,22,5.1,0.208692,0.9133079999999999,0
387,46,5,15,0,126,3.1,0.47653200000000007,3.429468,0
388,31,1,7,10,23,4.9,0.22540000000000002,0.9016,0
389,34,1,13,8,56,6.1,0.8642479999999999,2.551752,0
390,40,1,22,4,95,3.5999999999999996,0.6326999999999999,2.7873,0
391,24,3,2,5,16,6.4,0.270336,0.753664,1
392,33,1,2,14,44,3.1,0.5251399999999999,0.8388599999999999,0
393,53,4,5,29,78,17.299999999999997,6.935916,6.558084,1
394,47,3,9,1,52,20.1,2.5398359999999998,7.912164000000001,1
395,35,1,5,5,32,13.0,0.17472,3.9852800000000004,0
396,34,1,14,8,28,17.0,1.1376400000000002,3.6223600000000005,0
397,49,1,11,5,39,10.100000000000001,2.457936,1.481064,0
398,26,2,0,7,28,9.3,1.2707519999999999,1.3332480000000002,0
399,23,1,2,2,16,9.6,0.804864,0.731136,1
400,23,2,0,4,21,8.7,0.454923,1.372077,0
401,38,2,4,13,56,1.6,0.441728,0.454272,0
402,28,2,5,2,37,8.3,1.1239860000000002,1.947014,0
403,30,3,0,8,65,29.7,3.89961,15.40539,1
404,34,1,18,10,34,15.4,2.099636,3.136364,0
405,50,2,16,14,71,11.1,1.6628910000000001,6.218109,0
406,29,1,12,2,40,6.7,1.63212,1.0478800000000001,0
407,42,3,0,9,64,6.6000000000000005,0.278784,3.9452160000000003,0
408,31,1,13,12,27,5.0,0.23760000000000003,1.1124,0
409,39,1,10,4,31,4.8,0.184512,1.303488,0
410,45,2,21,26,132,3.0,2.55816,1.40184,0
411,45,1,22,24,91,11.700000000000001,1.256346,9.390654,0
412,36,1,14,17,53,5.7,1.888125,1.1328749999999999,0
413,25,4,0,6,24,12.1,1.5972,1.3068,1
414,29,2,1,7,29,21.2,2.330092,3.8179079999999996,1
415,30,2,8,4,56,6.4,0.333312,3.2506880000000002,0
416,31,1,1,1,24,4.5,0.21708000000000002,0.86292,0
417,43,1,4,2,29,4.6,0.05336,1.28064,0
418,32,2,11,4,57,23.799999999999997,5.439965999999999,8.126034,1
419,47,1,19,7,50,30.099999999999998,3.17555,11.87445,0
420,46,1,1,15,21,14.799999999999999,1.3768439999999997,1.731156,1
421,43,2,16,10,83,4.1000000000000005,0.25862799999999997,3.144372,0
422,48,1,3,7,24,7.000000000000001,0.7644000000000001,0.9156000000000001,0
423,30,3,8,7,61,2.8000000000000003,0.549976,1.158024,0
424,23,4,0,4,32,18.4,0.818432,5.069568,1
425,36,4,8,0,32,1.6,0.024576,0.487424,0
426,20,3,0,1,17,2.3,0.043792000000000005,0.347208,0
427,43,1,16,7,89,0.4,0.159488,0.196512,0
428,23,1,2,1,25,4.5,0.12375,1.00125,1
429,41,1,21,2,76,20.5,6.9486799999999995,8.631319999999999,0
430,34,1,12,5,68,25.1,7.817144,9.250856000000002,1
431,50,1,11,5,36,4.8,0.834624,0.893376,0
432,40,1,9,4,64,6.6000000000000005,0.789888,3.4341120000000003,0
433,29,2,0,8,22,12.9,1.0387080000000002,1.799292,1
434,39,2,9,16,56,18.7,4.76476,5.70724,0
435,24,2,1,2,42,5.7,0.8379000000000001,1.5561,0
436,27,1,0,5,16,1.0999999999999999,0.130416,0.045583999999999986,0
437,40,3,18,14,157,6.6000000000000005,3.3262020000000003,7.035798,0
438,32,2,8,2,45,3.6999999999999997,0.98235,0.6826499999999999,0
439,39,2,16,12,53,3.6999999999999997,0.694194,1.2668059999999999,0
440,40,1,22,1,100,14.6,5.402,9.198,0
441,32,1,10,11,42,9.1,1.5402660000000001,2.281734,0
442,39,1,23,1,75,18.9,3.1326750000000003,11.042325,0
443,24,1,3,3,21,28.9,2.682498,3.386502,1
444,43,4,18,14,446,6.5,16.031470000000002,12.95853,1
445,56,1,11,20,59,15.0,4.6728000000000005,4.177199999999999,0
446,32,3,5,9,23,4.5,0.32602499999999995,0.7089749999999999,0
447,42,1,7,12,25,10.2,1.6294499999999998,0.92055,0
448,46,3,3,13,43,13.200000000000001,3.042336,2.633664,1
449,31,1,2,2,22,16.400000000000002,1.739056,1.8689440000000002,1
450,43,1,25,16,242,2.6,1.6359199999999998,4.65608,0
451,28,2,6,9,22,11.5,0.6502100000000001,1.8797900000000003,0
452,39,3,11,17,39,12.9,2.5607790000000006,2.470221,0
453,39,1,0,8,39,7.9,1.0660260000000001,2.0149739999999996,0
454,37,4,1,14,33,16.1,2.693691,2.619309,1
455,30,1,0,11,17,12.0,0.30395999999999995,1.73604,0
456,37,5,9,16,177,5.8999999999999995,0.887655,9.555344999999999,0
457,22,1,4,3,14,17.5,0.2254,2.2245999999999997,0
458,50,1,1,26,26,14.299999999999999,1.8515639999999998,1.8664359999999998,0
459,30,1,10,2,19,4.3999999999999995,0.336072,0.499928,0
460,39,1,8,0,21,4.0,0.27636,0.5636399999999999,0
461,21,2,0,2,21,12.5,0.48825,2.13675,1
462,31,3,9,2,28,2.6,0.12157599999999999,0.606424,0
463,31,2,9,1,30,5.800000000000001,0.6020399999999999,1.13796,0
464,48,1,0,23,30,22.3,2.6626200000000004,4.02738,0
465,28,1,4,1,16,23.799999999999997,1.08528,2.72272,0
466,47,3,16,26,221,17.599999999999998,15.791776,23.104224000000002,1
467,27,2,6,1,34,4.3999999999999995,0.237864,1.258136,0
468,29,2,6,10,65,18.4,1.9853599999999998,9.974639999999999,0
469,21,2,2,0,20,4.5,0.2907,0.6093,1
470,29,1,7,5,20,19.8,1.00584,2.95416,1
471,24,4,0,3,29,6.6000000000000005,0.589512,1.324488,1
472,44,1,12,3,31,9.700000000000001,0.357833,2.6491670000000003,0
473,22,1,1,0,18,4.3999999999999995,0.270072,0.521928,0
474,38,2,13,0,59,2.4,0.407808,1.008192,0
475,52,2,12,16,76,7.7,0.9948400000000001,4.85716,0
476,25,1,3,2,18,16.3,0.35208000000000006,2.58192,1
477,25,1,5,5,22,10.9,0.40286400000000006,1.995136,0
478,51,2,27,21,166,11.5,0.82087,18.26913,0
479,38,1,21,16,58,16.5,4.584029999999999,4.985970000000001,0
480,44,1,9,20,33,5.2,0.545688,1.170312,0
481,24,2,2,3,26,9.700000000000001,0.8877440000000001,1.6342560000000002,1
482,34,1,5,3,33,7.3,0.778107,1.630893,0
483,25,2,6,2,26,4.5,0.07019999999999998,1.0997999999999999,0
484,45,3,5,17,94,10.5,3.6124199999999997,6.257579999999999,1
485,34,2,4,10,25,5.800000000000001,0.56985,0.8801500000000002,0
486,27,4,2,8,23,5.7,0.319884,0.9911159999999999,1
487,33,2,10,13,57,20.9,6.111369,5.801631,1
488,35,2,0,16,22,15.0,1.9701,1.3298999999999999,1
489,50,2,15,31,60,1.0999999999999999,0.46793999999999997,0.19205999999999995,0
490,33,1,13,13,42,3.5999999999999996,0.22831199999999996,1.2836879999999997,0
491,41,3,13,13,91,25.2,2.316132,20.615868,1
492,28,1,0,2,28,33.300000000000004,2.28438,7.039619999999999,1
493,38,3,12,14,63,16.0,5.7153599999999996,4.3646400000000005,1
494,25,1,3,2,16,17.8,1.01104,1.83696,1
495,47,2,4,9,33,7.1,1.19493,1.14807,1
496,30,2,12,9,98,7.199999999999999,2.9352959999999997,4.120704,0
497,44,2,12,5,86,13.0,1.47576,9.70424,0
498,25,1,0,2,18,18.9,0.513702,2.8882980000000003,1
499,41,2,6,0,36,19.5,4.51386,2.5061400000000003,1
500,22,3,0,1,18,7.7,0.47817,0.9078299999999999,0
501,35,2,3,11,40,17.2,1.8025599999999997,5.077439999999999,1
502,42,5,6,23,190,7.8,3.15666,11.66334,0
503,38,1,3,19,23,14.7,0.831726,2.5492739999999996,0
504,23,2,1,3,18,18.7,0.885258,2.4807420000000002,1
505,28,3,2,5,30,19.900000000000002,1.52235,4.44765,0
506,52,1,19,25,89,4.7,0.397385,3.785615,0
507,25,1,9,2,20,3.5000000000000004,0.10500000000000001,0.5950000000000001,0
508,28,2,1,4,16,14.7,0.573888,1.778112,0
509,43,1,19,11,79,7.5,0.7821,5.1429,0
510,24,2,3,1,24,19.1,2.1728159999999996,2.411184,0
511,34,3,13,7,52,9.2,1.497392,3.2866079999999998,0
512,29,2,6,9,25,4.2,0.58485,0.46515000000000006,0
513,31,1,6,9,21,8.3,0.728574,1.014426,0
514,42,2,14,1,48,8.6,1.201248,2.926752,1
515,49,2,11,1,51,15.0,0.54315,7.10685,0
516,39,1,22,9,73,14.299999999999999,3.7267229999999993,6.7122769999999985,0
517,45,3,0,19,22,4.2,0.030492000000000002,0.8935080000000001,0
518,41,1,7,22,32,2.9000000000000004,0.072384,0.855616,0
519,29,2,9,0,46,1.6,0.24140799999999998,0.49459200000000003,0
520,35,3,7,5,38,15.1,1.382858,4.355142,0
521,27,2,5,6,25,6.800000000000001,0.7055000000000001,0.9945,0
522,28,1,4,7,19,4.1000000000000005,0.28667200000000004,0.492328,0
523,48,1,17,22,66,3.2,1.4678400000000003,0.6441599999999998,0
524,24,1,2,5,18,6.0,0.52812,0.55188,0
525,31,1,6,12,33,4.2,0.14553,1.2404700000000002,0
526,43,1,10,9,69,6.4,0.41068800000000005,4.005312,0
527,42,1,3,10,24,10.6,0.666528,1.877472,0
528,51,2,31,14,249,7.8,4.27284,15.14916,0
529,22,1,4,3,19,23.1,1.8872700000000002,2.5017300000000002,1
530,37,1,6,10,31,11.700000000000001,1.701063,1.9259370000000002,1
531,22,3,1,3,25,13.8,1.9768500000000002,1.47315,1
532,49,2,2,13,20,16.900000000000002,0.37856000000000006,3.00144,1
533,29,1,9,8,30,8.200000000000001,0.15497999999999998,2.30502,0
534,42,1,2,16,30,9.700000000000001,1.47246,1.43754,0
535,34,1,15,0,67,13.200000000000001,3.7410120000000004,5.102988000000001,0
536,34,2,9,7,27,1.7000000000000002,0.295137,0.16386300000000004,0
537,32,2,5,5,43,15.0,1.806,4.644,1
538,42,2,18,23,66,9.6,1.641024,4.6949760000000005,0
539,24,1,3,0,14,16.1,0.838488,1.415512,1
540,34,1,16,9,48,7.6,1.473792,2.1742079999999997,0
541,26,1,10,2,32,4.7,0.126336,1.377664,0
542,30,2,12,9,68,20.1,2.856612,10.811388,0
543,32,1,4,3,16,28.499999999999996,0.8937599999999999,3.6662399999999997,1
544,38,3,13,18,25,5.7,0.34342500000000004,1.081575,0
545,43,2,10,24,37,8.5,0.676175,2.468825,0
546,31,2,9,8,53,13.5,1.194885,5.960115,0
547,37,4,10,18,123,17.299999999999997,3.021618,18.257382,0
548,37,2,4,11,20,21.7,0.1736,4.166399999999999,1
549,41,3,12,11,86,26.5,4.99101,17.798990000000003,1
550,32,1,0,4,20,3.0,0.26339999999999997,0.3366,1
551,22,2,0,1,35,9.0,0.7811999999999999,2.3688000000000002,1
552,32,2,12,3,63,18.2,5.549544,5.916455999999999,0
553,47,2,17,23,41,9.5,0.455715,3.439285,0
554,40,1,21,21,46,6.2,0.966828,1.8851719999999998,0
555,31,1,8,1,22,6.7,0.369974,1.1040260000000002,0
556,34,3,7,0,27,2.1999999999999997,0.125334,0.46866599999999997,0
557,52,4,13,17,234,7.7,7.38738,10.63062,0
558,28,1,2,2,17,2.5,0.19932500000000003,0.22567500000000001,1
559,38,3,15,18,63,13.4,5.090526,3.3514740000000005,0
560,33,2,10,4,26,3.1,0.030628,0.7753720000000001,0
561,39,2,9,12,32,6.6000000000000005,1.429824,0.6821760000000001,0
562,47,3,23,11,115,4.0,0.6532,3.9468000000000005,0
563,36,2,11,8,49,1.3,0.27263600000000004,0.36436399999999997,0
564,29,3,7,2,84,13.600000000000001,6.91152,4.512480000000001,1
565,48,4,14,10,59,16.5,4.935645,4.799355000000001,1
566,38,3,12,18,64,5.800000000000001,0.894592,2.8174080000000004,0
567,46,2,9,26,15,4.3,0.014834999999999997,0.6301649999999999,0
568,27,3,5,4,42,19.900000000000002,2.7079920000000004,5.650008,1
569,54,1,18,34,114,8.5,3.2946000000000004,6.3954,0
570,27,4,0,0,25,12.7,1.419225,1.7557749999999999,1
571,23,1,1,0,17,1.6,0.011696000000000002,0.26030400000000004,0
572,41,1,23,2,91,13.700000000000001,0.5734819999999999,11.893518,0
573,24,1,3,5,15,11.3,0.072885,1.622115,1
574,28,1,9,0,22,27.700000000000003,5.283498000000001,0.8105019999999996,1
575,26,1,0,0,14,10.5,0.25578,1.21422,0
576,24,1,8,0,17,5.6000000000000005,0.569296,0.38270400000000004,1
577,49,2,22,4,79,7.3,0.28834999999999994,5.478649999999999,0
578,28,2,3,1,36,8.6,0.3839039999999999,2.712096,0
579,38,1,6,17,18,13.0,0.13104,2.20896,0
580,33,2,2,9,37,4.5,0.8341649999999999,0.8308350000000001,0
581,26,1,8,4,25,4.7,0.210325,0.9646750000000001,0
582,36,1,9,1,40,9.8,1.97568,1.9443199999999998,0
583,37,3,16,14,50,36.6,7.32,10.98,1
584,25,4,0,1,18,33.4,2.8015920000000003,3.210408,1
585,29,1,9,2,33,4.8,0.6937920000000001,0.890208,0
586,27,2,8,4,38,6.9,0.364458,2.2575420000000004,0
587,45,1,17,0,62,15.0,2.4366,6.863399999999999,0
588,37,1,9,8,57,5.5,1.357455,1.7775450000000002,0
589,29,2,3,6,26,6.1,0.537654,1.048346,1
590,51,1,10,1,44,13.200000000000001,4.960032,0.8479679999999998,1
591,22,3,0,0,23,8.4,0.37287600000000004,1.5591240000000002,1
592,30,4,7,10,30,15.7,0.26376,4.4462399999999995,0
593,31,1,7,2,20,12.3,0.1107,2.3493,0
594,28,1,2,0,18,14.799999999999999,1.9393919999999998,0.7246079999999999,1
595,35,1,10,16,39,5.7,0.217854,2.005146,0
596,25,4,1,1,34,8.5,0.13294,2.75706,1
597,32,2,5,0,28,14.799999999999999,2.5941440000000004,1.5498559999999997,1
598,33,1,2,10,24,9.6,1.0414080000000001,1.2625920000000002,0
599,28,2,3,4,41,25.1,5.896743000000001,4.394257,1
600,46,3,4,17,73,5.4,2.223288,1.718712,0
601,41,1,24,12,83,14.000000000000002,6.588540000000001,5.03146,0
602,42,2,11,5,73,6.800000000000001,2.8691920000000004,2.094808,0
603,41,4,9,13,47,5.0,0.43710000000000004,1.9129,0
604,26,1,3,5,29,25.7,2.526567,4.926433,1
605,47,1,27,8,113,9.2,2.3806839999999996,8.015315999999999,0
606,29,1,1,3,18,25.6,1.9814400000000003,2.6265600000000004,1
607,34,1,3,14,36,4.7,0.6243479999999999,1.067652,0
608,36,1,7,2,43,6.2,1.03974,1.6262599999999998,0
609,38,2,7,4,64,3.0,0.65088,1.26912,0
610,41,2,4,14,26,19.2,1.4726400000000002,3.51936,1
611,46,1,9,23,31,13.8,1.6170840000000002,2.6609160000000003,0
612,40,3,3,15,55,16.5,1.7514750000000001,7.323525000000001,1
613,44,2,17,0,129,2.5,0.551475,2.673525,0
614,35,3,10,15,39,10.4,1.6021200000000002,2.45388,0
615,36,1,20,15,60,5.4,1.05624,2.1837599999999995,0
616,28,2,0,3,30,4.8,0.12096,1.31904,1
617,29,2,6,7,18,5.1,0.44981999999999994,0.46818,1
618,23,2,3,3,22,11.4,1.274064,1.233936,1
619,41,2,7,17,63,15.4,4.637556,5.064444,0
620,25,1,1,1,19,6.9,0.19009500000000001,1.120905,0
621,45,2,2,19,29,5.4,0.443178,1.122822,0
622,48,2,30,14,148,7.199999999999999,3.9746879999999996,6.681311999999999,0
623,38,1,18,7,45,7.000000000000001,0.5355000000000001,2.6145000000000005,0
624,29,1,6,4,46,5.4,1.169964,1.314036,0
625,42,4,15,8,186,3.5999999999999996,2.403864,4.292135999999999,0
626,31,1,11,12,47,10.9,2.863757,2.259243,0
627,40,1,3,13,23,6.9,0.40944600000000003,1.1775540000000002,0
628,26,1,2,6,21,19.8,1.022868,3.1351320000000005,0
629,25,1,6,6,22,20.200000000000003,2.261996,2.182004,0
630,53,4,7,11,61,7.9,1.874591,2.9444090000000003,0
631,50,3,18,27,102,14.099999999999998,5.7815639999999995,8.600435999999998,0
632,47,1,31,9,136,23.1,14.231448,17.184552,1
633,23,1,1,0,21,8.4,1.210104,0.5538959999999999,1
634,37,3,12,8,83,4.1000000000000005,0.319882,3.083118,0
635,41,1,24,15,100,11.5,5.06,6.44,0
636,28,2,0,7,29,13.3,2.148349,1.7086510000000001,1
637,31,1,7,11,41,30.7,2.995706,9.591294,1
638,41,2,6,1,19,6.3,0.124488,1.0725120000000001,0
639,36,1,7,17,40,9.9,1.69488,2.26512,0
640,41,1,1,16,19,4.3999999999999995,0.24160399999999999,0.5943959999999999,0
641,53,2,16,31,44,5.6000000000000005,1.333024,1.130976,0
642,31,2,6,5,25,11.5,2.331625,0.5433750000000002,0
643,28,2,5,6,25,2.9000000000000004,0.33857500000000007,0.386425,0
644,48,1,28,25,70,12.0,4.3344000000000005,4.0656,0
645,23,2,0,1,42,3.9,1.0188359999999999,0.619164,1
646,31,1,11,6,34,6.800000000000001,0.29824800000000007,2.013752,0
647,27,1,6,6,43,4.9,0.8828330000000001,1.224167,0
648,43,1,11,17,37,1.3,0.179894,0.301106,0
649,29,2,5,7,28,18.7,2.125816,3.110184,0
650,53,1,6,7,27,6.4,0.5944320000000001,1.133568,1
651,38,1,4,9,19,13.600000000000001,1.2454880000000002,1.338512,0
652,30,1,12,10,38,8.5,0.17119000000000004,3.0588100000000003,0
653,28,3,2,0,20,9.4,0.23311999999999997,1.64688,1
654,36,1,11,2,33,32.5,1.26555,9.45945,0
655,48,1,15,5,60,2.1,0.32130000000000003,0.9387,0
656,31,1,12,9,24,6.6000000000000005,0.44193600000000005,1.142064,0
657,35,1,16,10,57,10.5,1.143135,4.841864999999999,0
658,50,1,4,4,23,12.5,0.140875,2.734125,0
659,42,2,12,9,55,15.0,2.53275,5.71725,0
660,40,1,2,3,28,7.1,0.184884,1.8031159999999997,0
661,37,2,0,13,31,0.8999999999999999,0.11801699999999998,0.160983,1
662,31,3,6,8,54,2.8000000000000003,0.402192,1.1098080000000001,0
663,38,1,11,13,35,8.0,1.2656,1.5344000000000002,0
664,35,1,15,1,77,10.6,5.501187999999999,2.660812,0
665,44,1,24,10,101,5.6000000000000005,2.992024,2.663976,0
666,44,2,21,14,113,13.200000000000001,3.192024,11.723976,0
667,33,1,0,12,23,0.8999999999999999,0.07741799999999999,0.129582,0
668,35,1,7,14,29,4.9,0.264306,1.156694,0
669,36,3,10,4,43,13.0,0.96148,4.62852,0
670,23,2,3,4,24,6.3,0.55188,0.96012,0
671,27,1,0,7,18,12.8,0.582912,1.7210880000000004,0
672,34,1,6,1,20,1.2,0.04248,0.19752,0
673,35,1,0,5,34,11.1,1.369962,2.404038,1
674,24,2,4,4,20,3.6999999999999997,0.32412,0.41587999999999997,0
675,48,1,30,8,101,6.4,1.8745600000000002,4.58944,0
676,26,2,8,1,40,11.799999999999999,0.44367999999999996,4.27632,0
677,40,1,6,9,36,2.1,0.390852,0.36514800000000003,1
678,34,1,9,8,48,9.3,0.41961600000000004,4.044384,0
679,35,1,17,4,42,3.0,0.09323999999999999,1.16676,0
680,30,1,7,2,33,25.4,1.165098,7.216901999999999,1
681,20,1,4,0,14,9.700000000000001,0.200984,1.157016,1
682,36,4,1,17,30,11.5,0.32430000000000003,3.1257,0
683,21,1,1,1,16,6.3,0.14112,0.86688,0
684,34,1,18,10,53,10.5,0.8403149999999999,4.724684999999999,0
685,35,1,7,5,39,16.1,1.701609,4.577391,1
686,35,3,1,4,20,7.9,0.8532000000000001,0.7268,0
687,34,1,10,1,33,10.299999999999999,2.5016640000000003,0.8973359999999997,1
688,33,1,12,12,68,10.8,1.365984,5.978016,0
689,30,1,4,2,18,10.7,0.227268,1.698732,0
690,24,2,0,5,16,7.3,0.024527999999999998,1.1434719999999998,0
691,47,1,31,8,253,7.199999999999999,9.308375999999999,8.907623999999998,0
692,53,1,0,26,27,28.9,2.7544589999999998,5.048540999999999,1
693,22,3,0,2,20,4.7,0.21902,0.72098,0
694,48,2,6,1,66,12.1,2.31594,5.670059999999999,0
695,36,2,6,15,27,4.6,0.262062,0.979938,1
696,29,2,6,4,21,11.5,0.369495,2.045505,0
697,33,1,15,3,32,7.6,0.49126400000000003,1.9407359999999998,0
698,45,1,19,22,77,8.4,2.302608,4.165392,0
699,37,1,12,14,44,14.7,2.9946840000000003,3.4733159999999996,0
