index,date,district,BIndex
0,2015-01-10,中西區,2.0
1,2015-01-10,六甲區,0.0
2,2015-01-10,北門區,0.0
3,2015-01-10,南化區,0.0
4,2015-01-10,善化區,0.0
5,2015-01-10,安平區,0.0
6,2015-01-10,山上區,0.0
7,2015-01-10,左鎮區,0.0
8,2015-01-10,新市區,0.0
9,2015-01-10,新營區,0.0
10,2015-01-10,楠西區,0.0
11,2015-01-10,歸仁區,0.0
12,2015-01-10,白河區,0.0
13,2015-01-10,麻豆區,0.0
14,2015-01-11,仁德區,0.0
15,2015-01-11,安定區,0.0
16,2015-01-11,白河區,0.0
17,2015-01-12,中西區,1.0
18,2015-01-12,北區,0.0
19,2015-01-12,南區,2.0
20,2015-01-12,大內區,0.0
21,2015-01-12,學甲區,2.0
22,2015-01-12,官田區,0.0
23,2015-01-12,山上區,0.0
24,2015-01-12,新化區,0.0
25,2015-01-12,東區,2.0
26,2015-01-12,楠西區,0.0
27,2015-01-12,歸仁區,0.0
28,2015-01-12,永康區,0.0
29,2015-01-12,玉井區,0.0
30,2015-01-12,白河區,0.0
31,2015-01-12,西港區,2.0
32,2015-01-12,龍崎區,0.0
33,2015-01-13,下營區,0.0
34,2015-01-13,北區,0.0
35,2015-01-13,北門區,0.0
36,2015-01-13,善化區,0.0
37,2015-01-13,安南區,3.0
38,2015-01-13,安定區,0.0
39,2015-01-13,安平區,0.0
40,2015-01-13,官田區,2.0
41,2015-01-13,將軍區,0.0
42,2015-01-13,新市區,0.0
43,2015-01-13,東區,4.0
44,2015-01-13,東山區,0.0
45,2015-01-13,永康區,0.0
46,2015-01-13,關廟區,0.0
47,2015-01-13,龍崎區,0.0
48,2015-01-14,仁德區,2.0
49,2015-01-14,佳里區,0.0
50,2015-01-14,六甲區,0.0
51,2015-01-14,大內區,0.0
52,2015-01-14,官田區,0.0
53,2015-01-14,山上區,0.0
54,2015-01-14,後壁區,0.0
55,2015-01-14,東區,0.0
56,2015-01-15,六甲區,0.0
57,2015-01-15,大內區,2.0
58,2015-01-15,學甲區,2.0
59,2015-01-15,安平區,2.0
60,2015-01-15,左鎮區,2.0
61,2015-01-15,後壁區,0.0
62,2015-01-15,新化區,1.0
63,2015-01-15,柳營區,0.0
64,2015-01-15,永康區,0.0
65,2015-01-15,西港區,0.0
66,2015-01-15,龍崎區,0.0
67,2015-01-16,下營區,0.0
68,2015-01-16,仁德區,0.0
69,2015-01-16,南區,2.0
70,2015-01-16,安定區,0.0
71,2015-01-16,官田區,0.0
72,2015-01-16,左鎮區,1.0
73,2015-01-16,新市區,0.0
74,2015-01-16,東區,4.0
75,2015-01-16,永康區,0.0
76,2015-01-16,玉井區,0.0
77,2015-01-16,關廟區,0.0
78,2015-01-16,鹽水區,0.0
79,2015-01-16,麻豆區,2.0
80,2015-01-16,龍崎區,0.0
81,2015-01-17,仁德區,0.0
82,2015-01-19,佳里區,0.0
83,2015-01-19,六甲區,0.0
84,2015-01-19,南區,4.0
85,2015-01-19,大內區,0.0
86,2015-01-19,新市區,0.0
87,2015-01-19,東區,6.0
88,2015-01-19,龍崎區,0.0
89,2015-01-20,七股區,0.0
90,2015-01-20,下營區,0.0
91,2015-01-20,北區,0.0
92,2015-01-20,北門區,0.0
93,2015-01-20,南化區,0.0
94,2015-01-20,善化區,0.0
95,2015-01-20,大內區,0.0
96,2015-01-20,安定區,0.0
97,2015-01-20,後壁區,0.0
98,2015-01-20,新化區,0.0
99,2015-01-20,東區,2.0
100,2015-01-20,楠西區,0.0
101,2015-01-20,歸仁區,1.3333333333333333
102,2015-01-20,玉井區,0.0
103,2015-01-21,七股區,0.0
104,2015-01-21,佳里區,0.0
105,2015-01-21,北區,0.0
106,2015-01-21,安南區,0.0
107,2015-01-21,安平區,0.0
108,2015-01-21,官田區,0.0
109,2015-01-21,山上區,0.0
110,2015-01-21,左鎮區,0.0
111,2015-01-21,新市區,0.0
112,2015-01-21,東區,4.0
113,2015-01-21,永康區,0.0
114,2015-01-21,關廟區,1.3333333333333333
115,2015-01-21,麻豆區,0.0
116,2015-01-22,七股區,0.0
117,2015-01-22,仁德區,0.0
118,2015-01-22,佳里區,12.0
119,2015-01-22,安定區,0.0
120,2015-01-22,東區,2.0
121,2015-01-22,楠西區,0.0
122,2015-01-22,玉井區,0.0
123,2015-01-22,關廟區,0.0
124,2015-01-23,下營區,0.0
125,2015-01-23,南化區,0.0
126,2015-01-23,南區,0.0
127,2015-01-23,山上區,0.0
128,2015-01-23,東區,4.0
129,2015-01-23,東山區,0.0
130,2015-01-23,鹽水區,0.0
131,2015-01-23,麻豆區,0.0
132,2015-01-23,龍崎區,0.0
133,2015-01-26,下營區,0.0
134,2015-01-26,佳里區,2.0
135,2015-01-26,南區,0.0
136,2015-01-26,安平區,0.0
137,2015-01-26,東區,2.0
138,2015-01-27,中西區,2.0
139,2015-01-27,南化區,0.0
140,2015-01-27,南區,2.0
141,2015-01-27,東區,0.0
142,2015-01-28,東區,0.0
143,2015-01-29,東區,2.0
144,2015-01-30,東區,2.0
145,2015-01-04,學甲區,3.0
146,2015-01-05,中西區,4.0
147,2015-01-05,善化區,0.0
148,2015-01-05,學甲區,4.0
149,2015-01-05,安平區,0.0
150,2015-01-05,將軍區,0.0
151,2015-01-05,新營區,1.0
152,2015-01-05,歸仁區,0.0
153,2015-01-05,玉井區,0.0
154,2015-01-05,西港區,0.0
155,2015-01-05,關廟區,2.0
156,2015-01-06,北區,0.0
157,2015-01-06,南化區,0.0
158,2015-01-06,學甲區,0.0
159,2015-01-06,安南區,3.0
160,2015-01-06,官田區,0.0
161,2015-01-06,新營區,0.0
162,2015-01-06,歸仁區,0.0
163,2015-01-07,下營區,0.0
164,2015-01-07,佳里區,0.0
165,2015-01-07,六甲區,0.0
166,2015-01-07,北門區,0.0
167,2015-01-07,南區,0.0
168,2015-01-07,學甲區,4.0
169,2015-01-07,將軍區,2.0
170,2015-01-07,山上區,0.0
171,2015-01-07,新化區,0.0
172,2015-01-07,新市區,0.0
173,2015-01-07,東山區,0.0
174,2015-01-08,仁德區,2.0
175,2015-01-08,官田區,0.0
176,2015-01-08,左鎮區,2.0
177,2015-01-08,新營區,0.0
178,2015-01-08,楠西區,0.0
179,2015-01-08,歸仁區,0.0
180,2015-01-08,玉井區,0.0
181,2015-01-08,西港區,1.0
182,2015-01-08,關廟區,2.0
183,2015-01-09,中西區,1.0
184,2015-01-09,六甲區,0.0
185,2015-01-09,北區,0.0
186,2015-01-09,北門區,0.0
187,2015-01-09,南化區,0.0
188,2015-01-09,大內區,2.0
189,2015-01-09,將軍區,0.0
190,2015-01-09,左鎮區,0.0
191,2015-01-09,東區,4.0
192,2015-01-09,白河區,0.0
193,2015-01-09,西港區,0.0
194,2015-01-09,關廟區,2.0
195,2015-01-09,麻豆區,0.0
196,2015-10-01,七股區,0.0
197,2015-10-01,中西區,1.0
198,2015-10-01,仁德區,0.0
199,2015-10-01,北門區,0.0
200,2015-10-01,南區,1.0
201,2015-10-01,學甲區,0.0
202,2015-10-01,安平區,0.0
203,2015-10-01,新營區,8.0
204,2015-10-01,東區,4.75
205,2015-10-01,永康區,0.0
206,2015-10-10,仁德區,0.0
207,2015-10-10,南區,1.5
208,2015-10-10,東區,0.6666666666666666
209,2015-10-10,永康區,0.0
210,2015-10-11,中西區,1.0
211,2015-10-11,仁德區,0.0
212,2015-10-11,北區,0.6666666666666666
213,2015-10-11,南區,0.0
214,2015-10-11,大內區,0.0
215,2015-10-11,安平區,0.0
216,2015-10-11,新營區,0.0
217,2015-10-11,東區,0.0
218,2015-10-11,永康區,0.6666666666666666
219,2015-10-12,中西區,0.3333333333333333
220,2015-10-12,仁德區,0.0
221,2015-10-12,北區,0.0
222,2015-10-12,北門區,8.0
223,2015-10-12,南區,4.2
224,2015-10-12,學甲區,2.0
225,2015-10-12,安定區,0.0
226,2015-10-12,安平區,0.5
227,2015-10-12,新營區,0.0
228,2015-10-12,東區,1.8
229,2015-10-12,永康區,0.25
230,2015-10-12,玉井區,0.0
231,2015-10-12,白河區,0.0
232,2015-10-12,麻豆區,0.5
233,2015-10-13,中西區,0.5
234,2015-10-13,北區,0.0
235,2015-10-13,北門區,0.0
236,2015-10-13,南區,1.6666666666666667
237,2015-10-13,大內區,0.0
238,2015-10-13,安平區,0.0
239,2015-10-13,新營區,1.0
240,2015-10-13,東區,1.8333333333333333
241,2015-10-13,永康區,0.25
242,2015-10-13,玉井區,0.0
243,2015-10-14,中西區,0.5
244,2015-10-14,北區,0.0
245,2015-10-14,南區,0.6666666666666666
246,2015-10-14,安定區,0.0
247,2015-10-14,新營區,0.0
248,2015-10-14,東區,0.6666666666666666
249,2015-10-14,永康區,0.0
250,2015-10-14,玉井區,0.0
251,2015-10-14,麻豆區,0.0
252,2015-10-15,中西區,0.0
253,2015-10-15,仁德區,0.0
254,2015-10-15,北區,0.6666666666666666
255,2015-10-15,南化區,0.0
256,2015-10-15,南區,0.75
257,2015-10-15,大內區,0.0
258,2015-10-15,安定區,0.0
259,2015-10-15,安平區,0.0
260,2015-10-15,東區,1.0
261,2015-10-15,永康區,0.5
262,2015-10-15,玉井區,0.0
263,2015-10-15,麻豆區,1.3333333333333333
264,2015-10-16,七股區,0.0
265,2015-10-16,中西區,1.25
266,2015-10-16,仁德區,0.0
267,2015-10-16,北區,1.0
268,2015-10-16,南區,0.3333333333333333
269,2015-10-16,大內區,0.0
270,2015-10-16,安平區,0.0
271,2015-10-16,東區,0.5
272,2015-10-16,永康區,1.5
273,2015-10-16,麻豆區,1.5
274,2015-10-17,七股區,0.0
275,2015-10-17,仁德區,0.0
276,2015-10-17,安平區,0.0
277,2015-10-17,東區,0.5
278,2015-10-17,永康區,0.0
279,2015-10-18,中西區,0.2
280,2015-10-18,仁德區,0.0
281,2015-10-18,北區,1.0
282,2015-10-18,南區,0.5
283,2015-10-18,安平區,0.25
284,2015-10-18,永康區,0.6363636363636364
285,2015-10-19,中西區,0.0
286,2015-10-19,仁德區,0.0
287,2015-10-19,北區,0.0
288,2015-10-19,南區,0.3333333333333333
289,2015-10-19,安定區,0.0
290,2015-10-19,東區,2.571428571428572
291,2015-10-19,永康區,0.0
292,2015-10-02,七股區,0.0
293,2015-10-02,中西區,0.5
294,2015-10-02,仁德區,0.0
295,2015-10-02,北區,1.0
296,2015-10-02,北門區,0.0
297,2015-10-02,南化區,3.0
298,2015-10-02,南區,2.2
299,2015-10-02,大內區,0.0
300,2015-10-02,安平區,3.0
301,2015-10-02,東區,1.6
302,2015-10-02,永康區,0.0
303,2015-10-20,中西區,0.2
304,2015-10-20,仁德區,0.0
305,2015-10-20,北區,0.3333333333333333
306,2015-10-20,南區,0.0
307,2015-10-20,安平區,1.0
308,2015-10-20,東區,0.0
309,2015-10-20,永康區,0.42857142857142855
310,2015-10-20,白河區,0.0
311,2015-10-21,七股區,0.0
312,2015-10-21,中西區,0.25
313,2015-10-21,北區,0.3333333333333333
314,2015-10-21,南區,0.0
315,2015-10-21,安平區,0.0
316,2015-10-21,東區,0.16666666666666666
317,2015-10-21,永康區,0.5
318,2015-10-21,白河區,1.0
319,2015-10-22,中西區,0.0
320,2015-10-22,仁德區,0.0
321,2015-10-22,北區,1.0
322,2015-10-22,南區,0.0
323,2015-10-22,學甲區,0.0
324,2015-10-22,安平區,1.0
325,2015-10-22,東區,0.3333333333333333
326,2015-10-22,永康區,0.25
327,2015-10-22,麻豆區,0.0
328,2015-10-23,中西區,0.5
329,2015-10-23,北區,0.3333333333333333
330,2015-10-23,南化區,0.0
331,2015-10-23,南區,0.6666666666666666
332,2015-10-23,安平區,5.0
333,2015-10-23,東區,1.375
334,2015-10-23,永康區,0.4
335,2015-10-24,中西區,0.0
336,2015-10-24,南區,3.6666666666666665
337,2015-10-24,安定區,0.0
338,2015-10-24,永康區,1.75
339,2015-10-03,仁德區,0.0
340,2015-10-03,南化區,0.0
341,2015-10-03,南區,1.0
342,2015-10-03,新營區,2.0
343,2015-10-03,東區,1.5
344,2015-10-04,仁德區,0.0
345,2015-10-04,北區,1.0
346,2015-10-04,南區,1.0
347,2015-10-04,新化區,3.0
348,2015-10-04,永康區,2.5
349,2015-10-04,麻豆區,5.0
350,2015-10-05,七股區,0.0
351,2015-10-05,中西區,1.0
352,2015-10-05,仁德區,0.0
353,2015-10-05,北區,0.0
354,2015-10-05,北門區,0.0
355,2015-10-05,南區,1.0
356,2015-10-05,安定區,0.0
357,2015-10-05,安平區,0.6666666666666666
358,2015-10-05,東區,1.7777777777777777
359,2015-10-05,永康區,0.0
360,2015-10-05,麻豆區,10.5
361,2015-10-06,七股區,0.0
362,2015-10-06,中西區,0.3333333333333333
363,2015-10-06,仁德區,0.0
364,2015-10-06,北區,0.0
365,2015-10-06,北門區,0.0
366,2015-10-06,南區,2.6
367,2015-10-06,安平區,0.5
368,2015-10-06,新營區,0.0
369,2015-10-06,東區,1.25
370,2015-10-06,永康區,1.5
371,2015-10-06,白河區,0.5
372,2015-10-06,麻豆區,21.0
373,2015-10-07,仁德區,0.0
374,2015-10-07,北區,1.0
375,2015-10-07,北門區,0.0
376,2015-10-07,南化區,0.0
377,2015-10-07,南區,0.5
378,2015-10-07,安平區,0.0
379,2015-10-07,新營區,0.0
380,2015-10-07,東區,2.2857142857142856
381,2015-10-07,永康區,0.6666666666666666
382,2015-10-07,白河區,0.0
383,2015-10-08,中西區,0.0
384,2015-10-08,仁德區,0.0
385,2015-10-08,北區,0.5
386,2015-10-08,北門區,0.0
387,2015-10-08,南區,0.5
388,2015-10-08,學甲區,0.0
389,2015-10-08,安平區,0.5
390,2015-10-08,東區,0.6666666666666666
391,2015-10-08,永康區,0.3333333333333333
392,2015-10-08,麻豆區,3.0
393,2015-10-09,中西區,1.0
394,2015-10-09,仁德區,0.0
395,2015-10-09,北區,0.5
396,2015-10-09,南區,2.25
397,2015-10-09,大內區,0.0
398,2015-10-09,安平區,2.0
399,2015-10-09,新營區,0.0
400,2015-10-09,東區,2.0
401,2015-10-09,永康區,0.6666666666666666
402,2015-10-09,麻豆區,0.0
403,2015-12-24,柳營區,0.0
404,2015-12-03,柳營區,0.0
405,2015-12-05,柳營區,0.0
406,2015-02-01,東區,0.0
407,2015-02-10,下營區,0.0
408,2015-02-10,仁德區,0.0
409,2015-02-10,佳里區,0.0
410,2015-02-10,六甲區,0.0
411,2015-02-10,北區,0.0
412,2015-02-10,北門區,0.0
413,2015-02-10,大內區,0.0
414,2015-02-10,安平區,0.0
415,2015-02-10,官田區,2.0
416,2015-02-10,將軍區,0.0
417,2015-02-10,左鎮區,0.0
418,2015-02-10,新化區,0.0
419,2015-02-10,新市區,0.0
420,2015-02-10,東區,0.0
421,2015-02-10,東山區,0.0
422,2015-02-10,柳營區,0.0
423,2015-02-10,楠西區,0.0
424,2015-02-10,歸仁區,0.0
425,2015-02-10,玉井區,0.0
426,2015-02-10,麻豆區,0.0
427,2015-02-10,龍崎區,0.0
428,2015-02-11,下營區,0.0
429,2015-02-11,佳里區,0.0
430,2015-02-11,六甲區,0.0
431,2015-02-11,北門區,0.0
432,2015-02-11,南化區,0.0
433,2015-02-11,南區,0.6666666666666666
434,2015-02-11,大內區,0.0
435,2015-02-11,安定區,0.0
436,2015-02-11,新化區,0.0
437,2015-02-11,東區,0.0
438,2015-02-11,東山區,0.0
439,2015-02-11,永康區,0.0
440,2015-02-11,麻豆區,3.0
441,2015-02-12,七股區,0.0
442,2015-02-12,中西區,0.0
443,2015-02-12,仁德區,2.0
444,2015-02-12,佳里區,0.0
445,2015-02-12,南化區,0.0
446,2015-02-12,大內區,0.0
447,2015-02-12,學甲區,0.0
448,2015-02-12,官田區,0.0
449,2015-02-12,將軍區,0.0
450,2015-02-12,山上區,0.0
451,2015-02-12,後壁區,0.0
452,2015-02-12,東區,0.0
453,2015-02-12,柳營區,0.0
454,2015-02-12,楠西區,0.0
455,2015-02-12,永康區,0.0
456,2015-02-12,玉井區,0.0
457,2015-02-12,西港區,0.0
458,2015-02-12,關廟區,0.0
459,2015-02-13,六甲區,0.0
460,2015-02-13,北區,0.0
461,2015-02-13,南化區,0.0
462,2015-02-13,南區,0.0
463,2015-02-13,大內區,0.0
464,2015-02-13,安定區,0.0
465,2015-02-13,安平區,0.0
466,2015-02-13,左鎮區,0.0
467,2015-02-13,後壁區,0.0
468,2015-02-13,東區,1.0
469,2015-02-13,關廟區,0.0
470,2015-02-13,麻豆區,4.0
471,2015-02-13,龍崎區,0.0
472,2015-02-14,中西區,2.0
473,2015-02-14,六甲區,0.0
474,2015-02-14,北門區,0.0
475,2015-02-14,安平區,0.0
476,2015-02-14,山上區,0.0
477,2015-02-14,新市區,0.0
478,2015-02-14,新營區,0.0
479,2015-02-14,楠西區,0.0
480,2015-02-14,白河區,0.0
481,2015-02-14,麻豆區,0.0
482,2015-02-15,歸仁區,0.0
483,2015-02-16,七股區,0.0
484,2015-02-16,仁德區,0.0
485,2015-02-16,佳里區,0.0
486,2015-02-16,六甲區,0.0
487,2015-02-16,北區,0.0
488,2015-02-16,南區,0.0
489,2015-02-16,大內區,0.0
490,2015-02-16,學甲區,2.0
491,2015-02-16,安南區,4.0
492,2015-02-16,安平區,0.0
493,2015-02-16,山上區,0.0
494,2015-02-16,左鎮區,0.6666666666666666
495,2015-02-16,新化區,1.0
496,2015-02-16,新市區,0.0
497,2015-02-16,東山區,0.0
498,2015-02-16,玉井區,0.0
499,2015-02-16,西港區,0.0
500,2015-02-16,龍崎區,0.0
501,2015-02-17,北區,0.0
502,2015-02-17,北門區,0.0
503,2015-02-17,安平區,0.0
504,2015-02-17,楠西區,0.0
505,2015-02-17,龍崎區,0.0
506,2015-02-02,下營區,0.0
507,2015-02-02,中西區,2.0
508,2015-02-02,南區,0.0
509,2015-02-02,學甲區,2.0
510,2015-02-02,官田區,2.0
511,2015-02-02,新營區,0.0
512,2015-02-02,東區,4.0
513,2015-02-02,歸仁區,0.0
514,2015-02-02,玉井區,0.0
515,2015-02-02,龍崎區,0.0
516,2015-02-24,七股區,0.0
517,2015-02-24,南化區,0.0
518,2015-02-24,善化區,0.0
519,2015-02-24,安定區,0.0
520,2015-02-24,山上區,0.0
521,2015-02-24,左鎮區,0.0
522,2015-02-24,新市區,0.0
523,2015-02-24,東區,4.0
524,2015-02-24,東山區,0.0
525,2015-02-24,玉井區,0.0
526,2015-02-25,中西區,3.0
527,2015-02-25,北區,0.0
528,2015-02-25,安定區,0.0
529,2015-02-25,東區,4.0
530,2015-02-25,關廟區,2.0
531,2015-02-26,北區,0.0
532,2015-02-26,東區,3.0
533,2015-02-03,七股區,0.0
534,2015-02-03,下營區,0.0
535,2015-02-03,中西區,0.0
536,2015-02-03,仁德區,0.0
537,2015-02-03,北區,0.0
538,2015-02-03,北門區,0.0
539,2015-02-03,善化區,1.0
540,2015-02-03,學甲區,0.0
541,2015-02-03,安南區,0.0
542,2015-02-03,將軍區,0.0
543,2015-02-03,新化區,0.0
544,2015-02-03,新市區,0.0
545,2015-02-03,東區,0.0
546,2015-02-03,歸仁區,0.0
547,2015-02-03,永康區,0.0
548,2015-02-03,鹽水區,0.0
549,2015-02-04,七股區,0.0
550,2015-02-04,下營區,0.0
551,2015-02-04,中西區,0.0
552,2015-02-04,佳里區,0.0
553,2015-02-04,六甲區,0.0
554,2015-02-04,北區,0.0
555,2015-02-04,南化區,0.0
556,2015-02-04,南區,0.0
557,2015-02-04,安平區,0.0
558,2015-02-04,官田區,2.0
559,2015-02-04,將軍區,0.0
560,2015-02-04,山上區,0.0
561,2015-02-04,東區,0.0
562,2015-02-04,柳營區,0.0
563,2015-02-04,玉井區,0.0
564,2015-02-04,白河區,0.0
565,2015-02-04,麻豆區,4.0
566,2015-02-05,中西區,1.0
567,2015-02-05,仁德區,2.0
568,2015-02-05,安定區,0.0
569,2015-02-05,新營區,0.0
570,2015-02-05,東區,0.0
571,2015-02-05,永康區,0.0
572,2015-02-05,西港區,0.0
573,2015-02-05,關廟區,0.0
574,2015-02-06,中西區,0.0
575,2015-02-06,佳里區,0.0
576,2015-02-06,北區,0.0
577,2015-02-06,南區,1.0
578,2015-02-06,安平區,0.0
579,2015-02-06,官田區,2.0
580,2015-02-06,新市區,0.0
581,2015-02-06,新營區,0.0
582,2015-02-06,柳營區,0.0
583,2015-02-06,永康區,0.0
584,2015-02-06,白河區,0.0
585,2015-02-06,鹽水區,0.0
586,2015-02-06,麻豆區,0.0
587,2015-02-08,仁德區,0.0
588,2015-02-08,安定區,0.0
589,2015-02-09,下營區,0.0
590,2015-02-09,北區,0.0
591,2015-02-09,南區,0.0
592,2015-02-09,大內區,0.0
593,2015-02-09,安南區,0.0
594,2015-02-09,官田區,2.0
595,2015-02-09,將軍區,0.0
596,2015-02-09,山上區,0.0
597,2015-02-09,左鎮區,0.0
598,2015-02-09,新化區,0.0
599,2015-02-09,東區,1.3333333333333333
600,2015-02-09,楠西區,0.0
601,2015-02-09,歸仁區,4.0
602,2015-02-09,永康區,0.0
603,2015-02-09,西港區,0.0
604,2015-03-10,下營區,0.0
605,2015-03-10,中西區,1.3333333333333333
606,2015-03-10,仁德區,2.0
607,2015-03-10,六甲區,0.0
608,2015-03-10,北區,0.8
609,2015-03-10,北門區,0.0
610,2015-03-10,南區,1.0
611,2015-03-10,大內區,0.0
612,2015-03-10,安南區,1.0
613,2015-03-10,安平區,0.0
614,2015-03-10,官田區,0.0
615,2015-03-10,山上區,0.0
616,2015-03-10,東區,1.5
617,2015-03-10,東山區,0.0
618,2015-03-10,楠西區,0.0
619,2015-03-10,永康區,0.8
620,2015-03-10,玉井區,0.0
621,2015-03-10,麻豆區,4.0
622,2015-03-11,中西區,0.6666666666666666
623,2015-03-11,佳里區,0.0
624,2015-03-11,北區,0.0
625,2015-03-11,北門區,0.0
626,2015-03-11,南區,0.0
627,2015-03-11,大內區,2.0
628,2015-03-11,學甲區,0.0
629,2015-03-11,安南區,2.5
630,2015-03-11,安平區,1.0
631,2015-03-11,將軍區,4.0
632,2015-03-11,東區,1.5
633,2015-03-11,東山區,0.0
634,2015-03-11,歸仁區,0.0
635,2015-03-11,永康區,3.0
636,2015-03-11,白河區,0.0
637,2015-03-11,西港區,0.0
638,2015-03-11,關廟區,0.0
639,2015-03-11,麻豆區,2.0
640,2015-03-12,七股區,0.0
641,2015-03-12,中西區,1.0
642,2015-03-12,仁德區,0.0
643,2015-03-12,北區,0.5
644,2015-03-12,南區,0.5
645,2015-03-12,安南區,2.0
646,2015-03-12,安平區,0.0
647,2015-03-12,官田區,2.0
648,2015-03-12,東區,2.0
649,2015-03-12,東山區,4.0
650,2015-03-12,永康區,2.8
651,2015-03-12,玉井區,0.0
652,2015-03-12,白河區,0.0
653,2015-03-13,中西區,2.6666666666666665
654,2015-03-13,北區,1.5
655,2015-03-13,南化區,0.0
656,2015-03-13,南區,0.0
657,2015-03-13,安南區,0.5
658,2015-03-13,安平區,1.0
659,2015-03-13,將軍區,0.0
660,2015-03-13,新化區,0.0
661,2015-03-13,東區,3.0
662,2015-03-13,柳營區,0.0
663,2015-03-13,永康區,4.0
664,2015-03-13,麻豆區,0.0
665,2015-03-13,龍崎區,0.0
666,2015-03-14,中西區,2.0
667,2015-03-14,仁德區,0.0
668,2015-03-14,六甲區,0.0
669,2015-03-14,北門區,0.0
670,2015-03-14,安平區,2.0
671,2015-03-14,官田區,0.0
672,2015-03-14,山上區,0.0
673,2015-03-14,新化區,0.0
674,2015-03-14,新市區,0.0
675,2015-03-14,新營區,0.0
676,2015-03-14,楠西區,0.0
677,2015-03-14,鹽水區,0.0
678,2015-03-14,麻豆區,0.0
679,2015-03-14,龍崎區,0.0
680,2015-03-15,安定區,0.0
681,2015-03-16,下營區,0.0
682,2015-03-16,中西區,1.0
683,2015-03-16,仁德區,0.0
684,2015-03-16,北區,2.0
685,2015-03-16,南化區,0.0
686,2015-03-16,南區,0.5
687,2015-03-16,大內區,0.0
688,2015-03-16,安南區,1.0
689,2015-03-16,安平區,0.6666666666666666
690,2015-03-16,山上區,0.0
691,2015-03-16,左鎮區,0.0
692,2015-03-16,新市區,0.0
693,2015-03-16,東區,4.0
694,2015-03-16,柳營區,0.0
695,2015-03-16,楠西區,0.0
696,2015-03-16,永康區,2.0
697,2015-03-16,關廟區,0.0
698,2015-03-16,龍崎區,0.0
699,2015-03-17,七股區,0.0
700,2015-03-17,下營區,0.0
701,2015-03-17,中西區,0.0
702,2015-03-17,北區,1.0
703,2015-03-17,南區,2.0
704,2015-03-17,善化區,1.0
705,2015-03-17,大內區,0.0
706,2015-03-17,安南區,0.5
707,2015-03-17,安定區,0.0
708,2015-03-17,安平區,1.0
709,2015-03-17,官田區,2.0
710,2015-03-17,左鎮區,0.0
711,2015-03-17,新市區,0.0
712,2015-03-17,東區,3.5
713,2015-03-17,永康區,1.6
714,2015-03-18,中西區,0.5
715,2015-03-18,佳里區,0.0
716,2015-03-18,六甲區,0.0
717,2015-03-18,北區,1.2
718,2015-03-18,南化區,0.0
719,2015-03-18,南區,0.0
720,2015-03-18,大內區,0.0
721,2015-03-18,學甲區,2.0
722,2015-03-18,安南區,2.5
723,2015-03-18,安定區,0.0
724,2015-03-18,安平區,1.0
725,2015-03-18,後壁區,0.0
726,2015-03-18,新化區,0.0
727,2015-03-18,東區,4.0
728,2015-03-18,東山區,0.0
729,2015-03-18,歸仁區,0.0
730,2015-03-18,永康區,2.0
731,2015-03-18,玉井區,0.0
732,2015-03-18,西港區,0.6666666666666666
733,2015-03-18,鹽水區,0.0
734,2015-03-18,麻豆區,0.0
735,2015-03-18,龍崎區,0.0
736,2015-03-19,中西區,0.0
737,2015-03-19,北區,1.0
738,2015-03-19,南化區,0.0
739,2015-03-19,南區,1.6
740,2015-03-19,安南區,1.0
741,2015-03-19,安定區,0.0
742,2015-03-19,安平區,0.6666666666666666
743,2015-03-19,後壁區,0.0
744,2015-03-19,新化區,2.0
745,2015-03-19,東區,4.5
746,2015-03-19,東山區,0.0
747,2015-03-19,永康區,3.0
748,2015-03-19,龍崎區,0.0
749,2015-03-02,下營區,0.0
750,2015-03-02,中西區,0.0
751,2015-03-02,仁德區,0.0
752,2015-03-02,佳里區,0.0
753,2015-03-02,北區,0.0
754,2015-03-02,南區,1.0
755,2015-03-02,學甲區,1.0
756,2015-03-02,安南區,0.0
757,2015-03-02,安平區,0.0
758,2015-03-02,將軍區,0.0
759,2015-03-02,新營區,3.0
760,2015-03-02,東區,2.6666666666666665
761,2015-03-02,柳營區,0.0
762,2015-03-20,七股區,0.0
763,2015-03-20,下營區,0.0
764,2015-03-20,中西區,1.5
765,2015-03-20,佳里區,0.0
766,2015-03-20,北區,1.3333333333333333
767,2015-03-20,南區,4.0
768,2015-03-20,安南區,2.0
769,2015-03-20,安定區,0.0
770,2015-03-20,安平區,0.0
771,2015-03-20,山上區,2.0
772,2015-03-20,左鎮區,2.0
773,2015-03-20,新化區,0.0
774,2015-03-20,東區,1.0
775,2015-03-20,永康區,0.6666666666666666
776,2015-03-20,玉井區,0.0
777,2015-03-20,麻豆區,0.0
778,2015-03-21,南化區,0.0
779,2015-03-21,左鎮區,0.0
780,2015-03-23,七股區,0.0
781,2015-03-23,中西區,0.0
782,2015-03-23,北區,2.8
783,2015-03-23,南區,0.0
784,2015-03-23,大內區,0.0
785,2015-03-23,安南區,1.0
786,2015-03-23,安平區,1.0
787,2015-03-23,左鎮區,2.0
788,2015-03-23,東區,7.5
789,2015-03-23,永康區,2.0
790,2015-03-23,玉井區,0.0
791,2015-03-23,關廟區,0.0
792,2015-03-24,中西區,1.5
793,2015-03-24,北區,2.0
794,2015-03-24,南區,4.0
795,2015-03-24,安南區,1.0
796,2015-03-24,安平區,1.0
797,2015-03-24,山上區,0.0
798,2015-03-24,左鎮區,0.0
799,2015-03-24,新化區,0.0
800,2015-03-24,新市區,0.0
801,2015-03-24,東區,5.333333333333333
802,2015-03-24,永康區,1.5
803,2015-03-25,中西區,3.6
804,2015-03-25,佳里區,0.0
805,2015-03-25,北區,0.5
806,2015-03-25,南區,3.333333333333333
807,2015-03-25,安南區,0.5
808,2015-03-25,安平區,0.0
809,2015-03-25,東區,2.6666666666666665
810,2015-03-25,永康區,4.0
811,2015-03-26,中西區,0.5
812,2015-03-26,北區,0.5
813,2015-03-26,南區,0.0
814,2015-03-26,安南區,1.0
815,2015-03-26,安平區,0.0
816,2015-03-26,新市區,0.0
817,2015-03-26,東區,1.5
818,2015-03-26,永康區,3.0
819,2015-03-27,中西區,2.0
820,2015-03-27,北區,0.6666666666666666
821,2015-03-27,南區,1.3333333333333333
822,2015-03-27,安南區,3.333333333333333
823,2015-03-27,安平區,0.0
824,2015-03-27,東區,6.0
825,2015-03-27,永康區,5.333333333333333
826,2015-03-03,七股區,0.0
827,2015-03-03,中西區,0.5
828,2015-03-03,北區,0.5
829,2015-03-03,南區,1.5
830,2015-03-03,安南區,1.0
831,2015-03-03,安平區,0.0
832,2015-03-03,官田區,2.0
833,2015-03-03,新營區,0.0
834,2015-03-03,東區,2.5
835,2015-03-03,永康區,4.0
836,2015-03-30,中西區,1.0
837,2015-03-30,北區,0.5
838,2015-03-30,南區,4.5
839,2015-03-30,安南區,2.0
840,2015-03-30,安平區,2.0
841,2015-03-30,東區,2.5
842,2015-03-30,永康區,1.5
843,2015-03-31,中西區,2.4
844,2015-03-31,北區,0.5
845,2015-03-31,南區,3.0
846,2015-03-31,安南區,1.0
847,2015-03-31,安平區,0.0
848,2015-03-31,東區,3.6
849,2015-03-31,永康區,3.5
850,2015-03-04,中西區,1.0
851,2015-03-04,佳里區,2.0
852,2015-03-04,六甲區,2.0
853,2015-03-04,北區,2.0
854,2015-03-04,南化區,0.0
855,2015-03-04,南區,0.0
856,2015-03-04,學甲區,3.0
857,2015-03-04,安南區,1.5
858,2015-03-04,安平區,0.0
859,2015-03-04,山上區,0.0
860,2015-03-04,左鎮區,0.0
861,2015-03-04,新市區,0.0
862,2015-03-04,東區,5.0
863,2015-03-04,柳營區,0.0
864,2015-03-04,永康區,3.0
865,2015-03-04,鹽水區,0.0
866,2015-03-05,中西區,0.0
867,2015-03-05,仁德區,0.0
868,2015-03-05,六甲區,0.0
869,2015-03-05,北區,0.0
870,2015-03-05,南區,1.5
871,2015-03-05,安南區,2.0
872,2015-03-05,安平區,0.0
873,2015-03-05,官田區,2.0
874,2015-03-05,新營區,0.0
875,2015-03-05,東區,2.5
876,2015-03-05,東山區,0.0
877,2015-03-05,楠西區,0.0
878,2015-03-05,歸仁區,0.0
879,2015-03-05,永康區,2.0
880,2015-03-05,玉井區,0.0
881,2015-03-05,西港區,2.0
882,2015-03-05,關廟區,1.0
883,2015-03-06,七股區,0.0
884,2015-03-06,中西區,4.0
885,2015-03-06,北區,0.0
886,2015-03-06,南區,0.5
887,2015-03-06,安南區,1.5
888,2015-03-06,安平區,0.0
889,2015-03-06,將軍區,0.0
890,2015-03-06,東區,3.0
891,2015-03-06,歸仁區,0.0
892,2015-03-06,永康區,2.0
893,2015-03-06,麻豆區,0.0
894,2015-03-08,歸仁區,2.0
895,2015-03-09,下營區,0.0
896,2015-03-09,中西區,0.5
897,2015-03-09,六甲區,0.0
898,2015-03-09,北區,1.0
899,2015-03-09,北門區,0.0
900,2015-03-09,南區,1.2
901,2015-03-09,善化區,0.0
902,2015-03-09,學甲區,0.0
903,2015-03-09,安南區,2.5
904,2015-03-09,安平區,1.3333333333333333
905,2015-03-09,東區,1.2
906,2015-03-09,歸仁區,0.0
907,2015-03-09,永康區,3.333333333333333
908,2015-04-01,七股區,0.0
909,2015-04-01,中西區,2.5
910,2015-04-01,仁德區,0.0
911,2015-04-01,佳里區,0.0
912,2015-04-01,北區,0.0
913,2015-04-01,南區,2.0
914,2015-04-01,安南區,1.6666666666666667
915,2015-04-01,安平區,0.0
916,2015-04-01,將軍區,0.0
917,2015-04-01,新營區,0.0
918,2015-04-01,東區,1.0
919,2015-04-01,楠西區,0.0
920,2015-04-01,歸仁區,0.0
921,2015-04-01,永康區,1.0
922,2015-04-01,西港區,2.0
923,2015-04-10,七股區,0.0
924,2015-04-10,下營區,0.0
925,2015-04-10,中西區,1.5
926,2015-04-10,北區,0.6666666666666666
927,2015-04-10,南化區,0.0
928,2015-04-10,南區,2.0
929,2015-04-10,學甲區,4.0
930,2015-04-10,安南區,1.0
931,2015-04-10,安平區,1.0
932,2015-04-10,左鎮區,0.0
933,2015-04-10,新市區,0.0
934,2015-04-10,東區,2.6666666666666665
935,2015-04-10,永康區,3.5
936,2015-04-10,玉井區,0.0
937,2015-04-10,西港區,4.0
938,2015-04-10,麻豆區,8.0
939,2015-04-11,仁德區,0.0
940,2015-04-11,六甲區,0.0
941,2015-04-11,北門區,0.0
942,2015-04-11,安平區,2.0
943,2015-04-11,官田區,0.0
944,2015-04-11,山上區,0.0
945,2015-04-11,左鎮區,0.0
946,2015-04-11,新市區,0.0
947,2015-04-11,新營區,0.0
948,2015-04-11,楠西區,0.0
949,2015-04-11,歸仁區,0.0
950,2015-04-11,麻豆區,0.0
951,2015-04-12,中西區,4.0
952,2015-04-12,安定區,0.0
953,2015-04-13,中西區,5.5
954,2015-04-13,北區,1.7142857142857142
955,2015-04-13,善化區,0.0
956,2015-04-13,大內區,0.0
957,2015-04-13,學甲區,2.0
958,2015-04-13,安南區,6.0
959,2015-04-13,安定區,0.0
960,2015-04-13,安平區,1.0
961,2015-04-13,新化區,0.0
962,2015-04-13,東區,4.0
963,2015-04-13,東山區,0.0
964,2015-04-13,柳營區,0.0
965,2015-04-13,歸仁區,0.0
966,2015-04-13,永康區,3.0
967,2015-04-13,西港區,0.0
968,2015-04-13,鹽水區,0.0
969,2015-04-13,龍崎區,0.0
970,2015-04-14,下營區,0.0
971,2015-04-14,中西區,1.3333333333333333
972,2015-04-14,六甲區,0.0
973,2015-04-14,北區,2.5
974,2015-04-14,善化區,0.0
975,2015-04-14,大內區,0.0
976,2015-04-14,安南區,3.0
977,2015-04-14,安平區,0.0
978,2015-04-14,山上區,0.0
979,2015-04-14,左鎮區,2.0
980,2015-04-14,東區,2.4
981,2015-04-14,東山區,0.0
982,2015-04-14,永康區,3.2
983,2015-04-14,西港區,0.0
984,2015-04-14,麻豆區,0.0
985,2015-04-14,龍崎區,0.0
986,2015-04-15,七股區,0.0
987,2015-04-15,中西區,0.0
988,2015-04-15,仁德區,2.0
989,2015-04-15,佳里區,0.0
990,2015-04-15,六甲區,0.0
991,2015-04-15,北區,1.0
992,2015-04-15,南化區,0.0
993,2015-04-15,南區,2.0
994,2015-04-15,大內區,0.0
995,2015-04-15,安南區,0.0
996,2015-04-15,安平區,2.0
997,2015-04-15,官田區,2.0
998,2015-04-15,將軍區,0.0
999,2015-04-15,新市區,0.0
1000,2015-04-15,東區,2.0
1001,2015-04-15,東山區,0.0
1002,2015-04-15,柳營區,0.0
1003,2015-04-15,永康區,2.5
1004,2015-04-15,玉井區,0.0
1005,2015-04-15,麻豆區,0.0
1006,2015-04-16,中西區,2.0
1007,2015-04-16,仁德區,0.0
1008,2015-04-16,北門區,0.0
1009,2015-04-16,南區,1.0
1010,2015-04-16,善化區,0.0
1011,2015-04-16,大內區,0.0
1012,2015-04-16,學甲區,0.0
1013,2015-04-16,安南區,1.0
1014,2015-04-16,安定區,0.0
1015,2015-04-16,安平區,0.0
1016,2015-04-16,新化區,0.0
1017,2015-04-16,東區,3.0
1018,2015-04-16,楠西區,0.0
1019,2015-04-16,歸仁區,15.0
1020,2015-04-16,永康區,2.0
1021,2015-04-16,關廟區,2.0
1022,2015-04-16,麻豆區,0.0
1023,2015-04-17,七股區,0.0
1024,2015-04-17,下營區,0.0
1025,2015-04-17,中西區,0.8
1026,2015-04-17,佳里區,0.0
1027,2015-04-17,北區,0.5
1028,2015-04-17,南區,4.0
1029,2015-04-17,大內區,0.0
1030,2015-04-17,學甲區,2.0
1031,2015-04-17,安南區,2.5
1032,2015-04-17,安平區,8.5
1033,2015-04-17,官田區,4.0
1034,2015-04-17,山上區,0.0
1035,2015-04-17,東區,2.0
1036,2015-04-17,永康區,7.0
1037,2015-04-17,玉井區,0.0
1038,2015-04-17,關廟區,0.0
1039,2015-04-17,龍崎區,0.0
1040,2015-04-19,後壁區,0.0
1041,2015-04-02,下營區,0.0
1042,2015-04-02,中西區,1.0
1043,2015-04-02,北區,2.0
1044,2015-04-02,南區,2.0
1045,2015-04-02,善化區,0.0
1046,2015-04-02,安南區,1.0
1047,2015-04-02,安平區,0.0
1048,2015-04-02,將軍區,0.0
1049,2015-04-02,後壁區,0.0
1050,2015-04-02,新市區,0.0
1051,2015-04-02,新營區,0.0
1052,2015-04-02,東區,2.0
1053,2015-04-02,永康區,1.6
1054,2015-04-02,玉井區,0.0
1055,2015-04-02,西港區,0.0
1056,2015-04-02,關廟區,1.0
1057,2015-04-20,七股區,0.0
1058,2015-04-20,下營區,0.0
1059,2015-04-20,中西區,1.0
1060,2015-04-20,北區,3.0
1061,2015-04-20,北門區,0.0
1062,2015-04-20,南化區,0.0
1063,2015-04-20,南區,0.0
1064,2015-04-20,學甲區,2.0
1065,2015-04-20,安南區,4.5
1066,2015-04-20,安平區,1.0
1067,2015-04-20,左鎮區,0.0
1068,2015-04-20,後壁區,0.0
1069,2015-04-20,東區,2.5
1070,2015-04-20,東山區,0.0
1071,2015-04-20,永康區,13.5
1072,2015-04-20,玉井區,0.0
1073,2015-04-20,龍崎區,0.0
1074,2015-04-21,中西區,0.0
1075,2015-04-21,六甲區,0.0
1076,2015-04-21,北區,0.0
1077,2015-04-21,南區,1.0
1078,2015-04-21,大內區,0.0
1079,2015-04-21,安南區,0.0
1080,2015-04-21,官田區,0.0
1081,2015-04-21,後壁區,0.0
1082,2015-04-21,新市區,0.0
1083,2015-04-21,東區,1.0
1084,2015-04-21,楠西區,0.0
1085,2015-04-21,永康區,2.0
1086,2015-04-21,西港區,0.0
1087,2015-04-21,龍崎區,0.0
1088,2015-04-22,佳里區,0.0
1089,2015-04-22,北區,3.0
1090,2015-04-22,北門區,0.0
1091,2015-04-22,南區,5.333333333333333
1092,2015-04-22,安南區,2.5
1093,2015-04-22,安定區,0.0
1094,2015-04-22,安平區,4.0
1095,2015-04-22,山上區,0.0
1096,2015-04-22,左鎮區,0.0
1097,2015-04-22,新市區,0.0
1098,2015-04-22,東區,4.0
1099,2015-04-22,柳營區,0.0
1100,2015-04-22,歸仁區,0.0
1101,2015-04-22,永康區,2.0
1102,2015-04-23,中西區,3.0
1103,2015-04-23,仁德區,0.0
1104,2015-04-23,北區,1.0
1105,2015-04-23,南化區,0.0
1106,2015-04-23,南區,2.8
1107,2015-04-23,學甲區,2.0
1108,2015-04-23,安南區,1.0
1109,2015-04-23,安平區,0.0
1110,2015-04-23,新化區,0.0
1111,2015-04-23,東區,4.5
1112,2015-04-23,永康區,2.5
1113,2015-04-23,玉井區,0.0
1114,2015-04-23,龍崎區,0.0
1115,2015-04-24,中西區,4.0
1116,2015-04-24,北區,5.0
1117,2015-04-24,北門區,0.0
1118,2015-04-24,南區,2.0
1119,2015-04-24,安南區,1.0
1120,2015-04-24,安平區,1.0
1121,2015-04-24,山上區,0.0
1122,2015-04-24,東區,3.6
1123,2015-04-24,歸仁區,2.0
1124,2015-04-24,永康區,6.5
1125,2015-04-25,白河區,0.0
1126,2015-04-27,中西區,1.6
1127,2015-04-27,北區,8.0
1128,2015-04-27,南區,3.5
1129,2015-04-27,安南區,1.0
1130,2015-04-27,安平區,4.0
1131,2015-04-27,東區,4.5
1132,2015-04-27,永康區,3.0
1133,2015-04-27,白河區,0.0
1134,2015-04-28,中西區,1.0
1135,2015-04-28,北區,1.0
1136,2015-04-28,南區,2.5
1137,2015-04-28,安南區,0.0
1138,2015-04-28,安平區,0.6666666666666666
1139,2015-04-28,東區,4.4
1140,2015-04-28,永康區,1.5
1141,2015-04-28,白河區,0.0
1142,2015-04-29,中西區,0.0
1143,2015-04-29,北區,4.0
1144,2015-04-29,南區,3.0
1145,2015-04-29,安南區,2.0
1146,2015-04-29,安平區,0.0
1147,2015-04-29,東區,3.0
1148,2015-04-29,永康區,1.5
1149,2015-04-30,中西區,0.0
1150,2015-04-30,北區,2.0
1151,2015-04-30,南區,1.5
1152,2015-04-30,安南區,0.0
1153,2015-04-30,安平區,1.0
1154,2015-04-30,東區,2.0
1155,2015-04-30,永康區,1.5
1156,2015-04-07,下營區,0.0
1157,2015-04-07,中西區,1.0
1158,2015-04-07,仁德區,0.0
1159,2015-04-07,北區,1.0
1160,2015-04-07,北門區,0.0
1161,2015-04-07,南區,1.0
1162,2015-04-07,安南區,0.5
1163,2015-04-07,安平區,0.0
1164,2015-04-07,官田區,2.0
1165,2015-04-07,山上區,0.0
1166,2015-04-07,新營區,2.0
1167,2015-04-07,東區,1.3333333333333333
1168,2015-04-07,柳營區,0.0
1169,2015-04-07,永康區,2.5
1170,2015-04-07,麻豆區,0.0
1171,2015-04-08,七股區,0.0
1172,2015-04-08,中西區,1.2
1173,2015-04-08,佳里區,4.0
1174,2015-04-08,北區,0.75
1175,2015-04-08,南區,2.0
1176,2015-04-08,善化區,0.0
1177,2015-04-08,安南區,2.333333333333333
1178,2015-04-08,安平區,0.0
1179,2015-04-08,將軍區,0.0
1180,2015-04-08,東區,5.333333333333333
1181,2015-04-08,柳營區,0.0
1182,2015-04-08,楠西區,0.0
1183,2015-04-08,永康區,2.5
1184,2015-04-08,麻豆區,4.0
1185,2015-04-09,中西區,2.0
1186,2015-04-09,佳里區,0.0
1187,2015-04-09,北區,0.5
1188,2015-04-09,南化區,0.0
1189,2015-04-09,南區,1.2
1190,2015-04-09,安南區,1.0
1191,2015-04-09,安平區,0.0
1192,2015-04-09,官田區,2.0
1193,2015-04-09,將軍區,0.0
1194,2015-04-09,新化區,0.0
1195,2015-04-09,東區,4.8
1196,2015-04-09,永康區,2.0
1197,2015-04-09,關廟區,0.5
1198,2015-04-09,鹽水區,0.0
1199,2015-05-01,七股區,0.0
1200,2015-05-01,中西區,1.0
1201,2015-05-01,南化區,0.0
1202,2015-05-01,安平區,0.0
1203,2015-05-01,將軍區,1.0
1204,2015-05-01,東區,4.0
1205,2015-05-01,歸仁區,0.0
1206,2015-05-01,西港區,0.0
1207,2015-05-10,學甲區,2.0
1208,2015-05-10,安定區,0.0
1209,2015-05-11,下營區,0.0
1210,2015-05-11,中西區,3.5
1211,2015-05-11,北區,3.0
1212,2015-05-11,南區,4.0
1213,2015-05-11,學甲區,0.0
1214,2015-05-11,安南區,4.0
1215,2015-05-11,安平區,0.6666666666666666
1216,2015-05-11,官田區,0.0
1217,2015-05-11,將軍區,0.6666666666666666
1218,2015-05-11,山上區,0.0
1219,2015-05-11,新化區,2.0
1220,2015-05-11,東區,5.5
1221,2015-05-11,永康區,5.0
1222,2015-05-12,下營區,0.0
1223,2015-05-12,中西區,1.0
1224,2015-05-12,仁德區,0.0
1225,2015-05-12,六甲區,0.0
1226,2015-05-12,北區,1.0
1227,2015-05-12,南區,4.0
1228,2015-05-12,安南區,1.0
1229,2015-05-12,安平區,0.0
1230,2015-05-12,後壁區,0.0
1231,2015-05-12,東區,4.0
1232,2015-05-12,歸仁區,0.0
1233,2015-05-12,永康區,4.666666666666667
1234,2015-05-12,玉井區,0.0
1235,2015-05-12,鹽水區,0.0
1236,2015-05-12,龍崎區,0.0
1237,2015-05-13,七股區,0.0
1238,2015-05-13,中西區,6.0
1239,2015-05-13,佳里區,0.0
1240,2015-05-13,六甲區,0.0
1241,2015-05-13,北區,0.0
1242,2015-05-13,北門區,0.0
1243,2015-05-13,南區,7.333333333333332
1244,2015-05-13,善化區,1.3333333333333333
1245,2015-05-13,大內區,0.0
1246,2015-05-13,學甲區,2.0
1247,2015-05-13,安南區,4.0
1248,2015-05-13,安定區,0.0
1249,2015-05-13,安平區,2.0
1250,2015-05-13,官田區,2.0
1251,2015-05-13,將軍區,2.0
1252,2015-05-13,山上區,0.0
1253,2015-05-13,新市區,0.0
1254,2015-05-13,東區,5.5
1255,2015-05-13,東山區,0.0
1256,2015-05-13,楠西區,0.0
1257,2015-05-13,歸仁區,0.0
1258,2015-05-13,永康區,3.6666666666666665
1259,2015-05-13,關廟區,5.5
1260,2015-05-13,麻豆區,0.0
1261,2015-05-13,龍崎區,0.0
1262,2015-05-14,中西區,4.0
1263,2015-05-14,北區,2.0
1264,2015-05-14,南區,4.666666666666667
1265,2015-05-14,善化區,0.0
1266,2015-05-14,安南區,3.0
1267,2015-05-14,安定區,0.0
1268,2015-05-14,安平區,3.0
1269,2015-05-14,左鎮區,0.0
1270,2015-05-14,後壁區,0.0
1271,2015-05-14,新化區,0.0
1272,2015-05-14,新市區,0.0
1273,2015-05-14,東區,7.5
1274,2015-05-14,柳營區,0.0
1275,2015-05-14,永康區,4.8
1276,2015-05-14,西港區,0.0
1277,2015-05-14,龍崎區,0.0
1278,2015-05-15,中西區,6.0
1279,2015-05-15,仁德區,16.0
1280,2015-05-15,六甲區,0.0
1281,2015-05-15,北區,3.0
1282,2015-05-15,北門區,0.0
1283,2015-05-15,南化區,0.0
1284,2015-05-15,南區,5.5
1285,2015-05-15,安南區,0.0
1286,2015-05-15,安平區,0.0
1287,2015-05-15,後壁區,0.0
1288,2015-05-15,新化區,0.0
1289,2015-05-15,新市區,0.0
1290,2015-05-15,東區,3.333333333333333
1291,2015-05-15,歸仁區,0.0
1292,2015-05-15,永康區,8.0
1293,2015-05-15,麻豆區,0.0
1294,2015-05-16,山上區,0.0
1295,2015-05-16,楠西區,0.0
1296,2015-05-18,中西區,5.0
1297,2015-05-18,北區,3.5
1298,2015-05-18,南區,5.0
1299,2015-05-18,安南區,5.0
1300,2015-05-18,安平區,0.0
1301,2015-05-18,左鎮區,2.0
1302,2015-05-18,新市區,0.0
1303,2015-05-18,東區,1.5
1304,2015-05-18,永康區,4.0
1305,2015-05-18,龍崎區,0.0
1306,2015-05-19,中西區,4.5
1307,2015-05-19,佳里區,0.0
1308,2015-05-19,六甲區,0.0
1309,2015-05-19,北區,3.0
1310,2015-05-19,南區,1.0
1311,2015-05-19,安南區,5.6
1312,2015-05-19,安平區,2.0
1313,2015-05-19,左鎮區,0.0
1314,2015-05-19,新化區,0.0
1315,2015-05-19,東區,3.5
1316,2015-05-19,東山區,0.0
1317,2015-05-19,柳營區,0.0
1318,2015-05-19,永康區,3.333333333333333
1319,2015-05-19,玉井區,0.0
1320,2015-05-19,關廟區,2.0
1321,2015-05-02,北門區,0.0
1322,2015-05-02,安平區,0.0
1323,2015-05-02,歸仁區,0.0
1324,2015-05-20,下營區,0.0
1325,2015-05-20,中西區,21.0
1326,2015-05-20,仁德區,0.0
1327,2015-05-20,佳里區,0.0
1328,2015-05-20,六甲區,2.0
1329,2015-05-20,南化區,0.0
1330,2015-05-20,南區,3.5
1331,2015-05-20,安南區,4.5
1332,2015-05-20,安平區,3.0
1333,2015-05-20,山上區,0.0
1334,2015-05-20,左鎮區,0.0
1335,2015-05-20,後壁區,0.0
1336,2015-05-20,新化區,0.0
1337,2015-05-20,東區,2.5
1338,2015-05-20,東山區,1.0
1339,2015-05-20,楠西區,0.0
1340,2015-05-20,永康區,5.666666666666668
1341,2015-05-20,白河區,0.0
1342,2015-05-20,西港區,0.0
1343,2015-05-20,關廟區,0.0
1344,2015-05-21,中西區,8.0
1345,2015-05-21,六甲區,0.0
1346,2015-05-21,北區,7.0
1347,2015-05-21,南區,4.0
1348,2015-05-21,安定區,0.0
1349,2015-05-21,安平區,0.0
1350,2015-05-21,官田區,2.0
1351,2015-05-21,東區,2.6666666666666665
1352,2015-05-21,永康區,6.0
1353,2015-05-21,玉井區,0.0
1354,2015-05-22,七股區,0.0
1355,2015-05-22,中西區,6.5
1356,2015-05-22,北區,9.5
1357,2015-05-22,南區,4.0
1358,2015-05-22,安南區,4.0
1359,2015-05-22,安定區,0.0
1360,2015-05-22,安平區,3.0
1361,2015-05-22,東區,2.0
1362,2015-05-22,東山區,0.0
1363,2015-05-22,柳營區,0.0
1364,2015-05-22,永康區,7.0
1365,2015-05-24,北區,7.0
1366,2015-05-25,中西區,8.0
1367,2015-05-25,佳里區,0.0
1368,2015-05-25,北區,25.0
1369,2015-05-25,南區,8.0
1370,2015-05-25,安南區,4.666666666666667
1371,2015-05-25,東區,1.0
1372,2015-05-25,永康區,10.0
1373,2015-05-25,玉井區,0.0
1374,2015-05-26,中西區,2.6666666666666665
1375,2015-05-26,北區,11.5
1376,2015-05-26,南區,9.0
1377,2015-05-26,安南區,4.833333333333333
1378,2015-05-26,東區,7.333333333333332
1379,2015-05-26,永康區,11.5
1380,2015-05-26,白河區,0.0
1381,2015-05-27,中西區,14.0
1382,2015-05-27,北區,16.5
1383,2015-05-27,南區,7.0
1384,2015-05-27,安南區,7.0
1385,2015-05-27,東區,6.0
1386,2015-05-27,永康區,10.0
1387,2015-05-28,中西區,4.0
1388,2015-05-28,北區,9.333333333333334
1389,2015-05-28,南區,11.333333333333336
1390,2015-05-28,安南區,6.5
1391,2015-05-28,東區,9.333333333333334
1392,2015-05-28,永康區,10.5
1393,2015-05-29,中西區,4.0
1394,2015-05-29,北區,15.5
1395,2015-05-29,南區,7.0
1396,2015-05-29,安南區,5.5
1397,2015-05-29,安平區,2.0
1398,2015-05-29,東區,10.0
1399,2015-05-29,歸仁區,3.25
1400,2015-05-29,永康區,11.0
1401,2015-05-30,北區,17.0
1402,2015-05-31,北區,18.33333333333333
1403,2015-05-04,下營區,0.0
1404,2015-05-04,中西區,1.5
1405,2015-05-04,北區,0.8
1406,2015-05-04,北門區,0.0
1407,2015-05-04,南區,7.0
1408,2015-05-04,大內區,0.0
1409,2015-05-04,安南區,4.0
1410,2015-05-04,安平區,0.0
1411,2015-05-04,官田區,2.0
1412,2015-05-04,左鎮區,4.0
1413,2015-05-04,新市區,0.0
1414,2015-05-04,新營區,0.0
1415,2015-05-04,東區,5.6
1416,2015-05-04,楠西區,0.0
1417,2015-05-04,永康區,1.6
1418,2015-05-04,玉井區,0.0
1419,2015-05-05,七股區,0.0
1420,2015-05-05,下營區,0.0
1421,2015-05-05,中西區,2.6666666666666665
1422,2015-05-05,仁德區,0.0
1423,2015-05-05,北區,2.0
1424,2015-05-05,北門區,0.0
1425,2015-05-05,南化區,0.0
1426,2015-05-05,南區,2.5
1427,2015-05-05,大內區,0.0
1428,2015-05-05,學甲區,4.0
1429,2015-05-05,安南區,2.0
1430,2015-05-05,安平區,1.0
1431,2015-05-05,山上區,0.0
1432,2015-05-05,新營區,1.0
1433,2015-05-05,東區,2.0
1434,2015-05-05,柳營區,0.0
1435,2015-05-05,永康區,7.0
1436,2015-05-05,西港區,0.0
1437,2015-05-05,鹽水區,0.0
1438,2015-05-06,中西區,2.0
1439,2015-05-06,佳里區,0.0
1440,2015-05-06,北區,4.0
1441,2015-05-06,南區,3.5
1442,2015-05-06,大內區,0.0
1443,2015-05-06,學甲區,0.0
1444,2015-05-06,安南區,4.0
1445,2015-05-06,安平區,0.6666666666666666
1446,2015-05-06,新營區,4.0
1447,2015-05-06,東區,3.6666666666666665
1448,2015-05-06,永康區,4.5
1449,2015-05-06,麻豆區,0.0
1450,2015-05-07,下營區,0.0
1451,2015-05-07,中西區,4.0
1452,2015-05-07,仁德區,0.0
1453,2015-05-07,北區,2.6666666666666665
1454,2015-05-07,南區,2.5
1455,2015-05-07,大內區,4.0
1456,2015-05-07,安南區,6.0
1457,2015-05-07,安平區,2.0
1458,2015-05-07,官田區,2.0
1459,2015-05-07,東區,2.5
1460,2015-05-07,永康區,3.0
1461,2015-05-07,玉井區,0.0
1462,2015-05-07,西港區,8.0
1463,2015-05-07,關廟區,2.5
1464,2015-05-07,鹽水區,0.0
1465,2015-05-07,麻豆區,0.0
1466,2015-05-08,七股區,0.0
1467,2015-05-08,中西區,4.0
1468,2015-05-08,北區,2.0
1469,2015-05-08,南化區,0.0
1470,2015-05-08,南區,3.0
1471,2015-05-08,善化區,2.0
1472,2015-05-08,大內區,0.0
1473,2015-05-08,安南區,3.333333333333333
1474,2015-05-08,安平區,3.0
1475,2015-05-08,山上區,0.0
1476,2015-05-08,後壁區,0.0
1477,2015-05-08,東區,3.333333333333333
1478,2015-05-08,東山區,0.0
1479,2015-05-08,楠西區,0.0
1480,2015-05-08,永康區,15.5
1481,2015-05-08,麻豆區,0.0
1482,2015-05-09,中西區,0.0
1483,2015-05-09,仁德區,0.0
1484,2015-05-09,六甲區,0.0
1485,2015-05-09,南化區,0.0
1486,2015-05-09,善化區,0.0
1487,2015-05-09,官田區,0.0
1488,2015-05-09,左鎮區,0.0
1489,2015-05-09,新市區,0.0
1490,2015-05-09,新營區,0.0
1491,2015-05-09,柳營區,0.0
1492,2015-05-09,歸仁區,0.0
1493,2015-05-09,西港區,2.0
1494,2015-05-09,麻豆區,0.0
1495,2015-06-01,七股區,0.0
1496,2015-06-01,中西區,4.5
1497,2015-06-01,仁德區,0.0
1498,2015-06-01,佳里區,0.0
1499,2015-06-01,北區,5.0
1500,2015-06-01,南區,15.5
1501,2015-06-01,安南區,1.0
1502,2015-06-01,安平區,1.0
1503,2015-06-01,新營區,4.0
1504,2015-06-01,東區,10.0
1505,2015-06-01,楠西區,0.0
1506,2015-06-01,歸仁區,1.5
1507,2015-06-01,永康區,10.5
1508,2015-06-10,下營區,0.0
1509,2015-06-10,中西區,9.0
1510,2015-06-10,仁德區,0.0
1511,2015-06-10,佳里區,0.0
1512,2015-06-10,北區,2.571428571428572
1513,2015-06-10,南區,6.0
1514,2015-06-10,大內區,0.0
1515,2015-06-10,學甲區,1.0
1516,2015-06-10,安南區,2.6666666666666665
1517,2015-06-10,安平區,0.6666666666666666
1518,2015-06-10,將軍區,0.0
1519,2015-06-10,左鎮區,4.0
1520,2015-06-10,東區,5.0
1521,2015-06-10,柳營區,0.0
1522,2015-06-10,歸仁區,0.0
1523,2015-06-10,永康區,10.0
1524,2015-06-10,西港區,0.0
1525,2015-06-10,麻豆區,0.0
1526,2015-06-11,中西區,7.0
1527,2015-06-11,仁德區,0.0
1528,2015-06-11,佳里區,0.0
1529,2015-06-11,北區,6.0
1530,2015-06-11,北門區,0.0
1531,2015-06-11,南化區,0.0
1532,2015-06-11,南區,8.0
1533,2015-06-11,大內區,0.0
1534,2015-06-11,學甲區,2.0
1535,2015-06-11,安南區,6.0
1536,2015-06-11,安平區,2.0
1537,2015-06-11,官田區,2.0
1538,2015-06-11,左鎮區,2.0
1539,2015-06-11,新化區,0.0
1540,2015-06-11,東區,9.0
1541,2015-06-11,永康區,6.666666666666668
1542,2015-06-11,玉井區,0.0
1543,2015-06-11,關廟區,2.333333333333333
1544,2015-06-12,中西區,8.0
1545,2015-06-12,北區,1.4
1546,2015-06-12,南化區,0.0
1547,2015-06-12,南區,6.5
1548,2015-06-12,大內區,0.0
1549,2015-06-12,安南區,2.0
1550,2015-06-12,安平區,6.0
1551,2015-06-12,新市區,0.0
1552,2015-06-12,東區,7.333333333333332
1553,2015-06-12,東山區,0.0
1554,2015-06-12,永康區,10.0
1555,2015-06-12,鹽水區,0.0
1556,2015-06-12,麻豆區,6.0
1557,2015-06-13,下營區,0.0
1558,2015-06-13,中西區,0.0
1559,2015-06-13,仁德區,0.0
1560,2015-06-13,六甲區,0.0
1561,2015-06-13,北區,9.5
1562,2015-06-13,北門區,0.0
1563,2015-06-13,南化區,0.0
1564,2015-06-13,善化區,0.0
1565,2015-06-13,安平區,0.0
1566,2015-06-13,山上區,0.0
1567,2015-06-13,左鎮區,0.0
1568,2015-06-13,新市區,0.0
1569,2015-06-13,新營區,0.0
1570,2015-06-13,楠西區,0.0
1571,2015-06-13,歸仁區,0.0
1572,2015-06-13,白河區,0.0
1573,2015-06-13,西港區,0.0
1574,2015-06-13,麻豆區,2.0
1575,2015-06-14,北區,0.0
1576,2015-06-14,將軍區,0.0
1577,2015-06-15,七股區,0.0
1578,2015-06-15,中西區,9.0
1579,2015-06-15,六甲區,2.0
1580,2015-06-15,南區,6.0
1581,2015-06-15,學甲區,3.0
1582,2015-06-15,安南區,4.5
1583,2015-06-15,安定區,0.0
1584,2015-06-15,安平區,3.0
1585,2015-06-15,新市區,0.0
1586,2015-06-15,東區,3.0
1587,2015-06-15,東山區,2.0
1588,2015-06-15,永康區,7.5
1589,2015-06-15,玉井區,0.0
1590,2015-06-16,中西區,7.5
1591,2015-06-16,仁德區,0.0
1592,2015-06-16,六甲區,0.0
1593,2015-06-16,北區,6.0
1594,2015-06-16,南區,4.0
1595,2015-06-16,善化區,0.0
1596,2015-06-16,安南區,4.5
1597,2015-06-16,安平區,0.0
1598,2015-06-16,新化區,0.0
1599,2015-06-16,東區,1.0
1600,2015-06-16,東山區,0.0
1601,2015-06-16,柳營區,0.0
1602,2015-06-16,永康區,8.0
1603,2015-06-16,西港區,2.0
1604,2015-06-16,鹽水區,0.0
1605,2015-06-17,七股區,0.0
1606,2015-06-17,中西區,10.666666666666666
1607,2015-06-17,佳里區,0.0
1608,2015-06-17,六甲區,2.0
1609,2015-06-17,北區,0.0
1610,2015-06-17,北門區,0.0
1611,2015-06-17,南區,2.0
1612,2015-06-17,大內區,0.0
1613,2015-06-17,安南區,5.333333333333333
1614,2015-06-17,安定區,0.0
1615,2015-06-17,安平區,1.3333333333333333
1616,2015-06-17,官田區,2.0
1617,2015-06-17,山上區,0.0
1618,2015-06-17,左鎮區,2.0
1619,2015-06-17,後壁區,0.0
1620,2015-06-17,新市區,0.0
1621,2015-06-17,東區,3.6
1622,2015-06-17,東山區,0.0
1623,2015-06-17,永康區,6.0
1624,2015-06-17,關廟區,1.5
1625,2015-06-17,麻豆區,2.0
1626,2015-06-17,龍崎區,0.0
1627,2015-06-18,中西區,8.0
1628,2015-06-18,北區,0.0
1629,2015-06-18,南化區,0.0
1630,2015-06-18,南區,3.5
1631,2015-06-18,安南區,5.0
1632,2015-06-18,安平區,2.0
1633,2015-06-18,東區,5.5
1634,2015-06-18,東山區,0.0
1635,2015-06-18,永康區,6.0
1636,2015-06-18,玉井區,0.0
1637,2015-06-18,龍崎區,0.0
1638,2015-06-19,北區,7.0
1639,2015-06-02,下營區,0.0
1640,2015-06-02,中西區,8.0
1641,2015-06-02,北區,6.6
1642,2015-06-02,北門區,0.0
1643,2015-06-02,南區,11.5
1644,2015-06-02,學甲區,4.0
1645,2015-06-02,安南區,2.0
1646,2015-06-02,安平區,4.0
1647,2015-06-02,官田區,2.0
1648,2015-06-02,後壁區,0.0
1649,2015-06-02,新營區,0.0
1650,2015-06-02,東區,5.333333333333333
1651,2015-06-02,歸仁區,0.0
1652,2015-06-02,永康區,7.5
1653,2015-06-02,西港區,2.0
1654,2015-06-20,北區,12.666666666666664
1655,2015-06-21,北區,8.0
1656,2015-06-22,七股區,0.0
1657,2015-06-22,下營區,0.0
1658,2015-06-22,中西區,5.0
1659,2015-06-22,北區,0.6666666666666666
1660,2015-06-22,南區,3.333333333333333
1661,2015-06-22,安南區,3.5
1662,2015-06-22,安平區,4.0
1663,2015-06-22,山上區,0.0
1664,2015-06-22,左鎮區,0.0
1665,2015-06-22,新化區,0.0
1666,2015-06-22,新市區,0.0
1667,2015-06-22,東區,3.0
1668,2015-06-22,永康區,5.333333333333333
1669,2015-06-22,龍崎區,0.0
1670,2015-06-23,中西區,6.0
1671,2015-06-23,六甲區,0.0
1672,2015-06-23,北區,4.0
1673,2015-06-23,北門區,0.0
1674,2015-06-23,南區,8.0
1675,2015-06-23,安南區,2.0
1676,2015-06-23,安定區,0.0
1677,2015-06-23,安平區,0.6666666666666666
1678,2015-06-23,左鎮區,2.0
1679,2015-06-23,東區,2.333333333333333
1680,2015-06-23,永康區,5.0
1681,2015-06-23,龍崎區,0.0
1682,2015-06-24,中西區,5.333333333333333
1683,2015-06-24,佳里區,0.0
1684,2015-06-24,六甲區,0.0
1685,2015-06-24,北區,2.0
1686,2015-06-24,南區,2.4
1687,2015-06-24,安南區,6.666666666666668
1688,2015-06-24,安平區,2.0
1689,2015-06-24,新化區,2.0
1690,2015-06-24,東區,2.25
1691,2015-06-24,永康區,6.5
1692,2015-06-24,玉井區,0.0
1693,2015-06-24,西港區,1.0
1694,2015-06-25,下營區,0.0
1695,2015-06-25,中西區,5.0
1696,2015-06-25,北區,0.0
1697,2015-06-25,南區,5.0
1698,2015-06-25,安南區,2.0
1699,2015-06-25,安平區,2.0
1700,2015-06-25,山上區,0.0
1701,2015-06-25,東區,3.0
1702,2015-06-25,永康區,4.4
1703,2015-06-26,中西區,6.0
1704,2015-06-26,北區,0.0
1705,2015-06-26,南區,6.666666666666668
1706,2015-06-26,安南區,4.0
1707,2015-06-26,安平區,2.0
1708,2015-06-26,東區,5.0
1709,2015-06-26,永康區,7.0
1710,2015-06-27,東區,7.0
1711,2015-06-28,北區,0.0
1712,2015-06-29,中西區,10.0
1713,2015-06-29,北區,3.0
1714,2015-06-29,南區,2.0
1715,2015-06-29,安南區,2.0
1716,2015-06-29,安平區,0.0
1717,2015-06-29,東區,2.5
1718,2015-06-29,永康區,8.0
1719,2015-06-03,七股區,0.0
1720,2015-06-03,中西區,8.666666666666666
1721,2015-06-03,佳里區,0.0
1722,2015-06-03,北區,5.75
1723,2015-06-03,南化區,0.0
1724,2015-06-03,南區,8.0
1725,2015-06-03,安南區,7.0
1726,2015-06-03,安平區,3.0
1727,2015-06-03,將軍區,3.0
1728,2015-06-03,山上區,0.0
1729,2015-06-03,新營區,2.0
1730,2015-06-03,東區,7.6
1731,2015-06-03,永康區,8.0
1732,2015-06-03,玉井區,0.0
1733,2015-06-03,麻豆區,2.0
1734,2015-06-30,七股區,0.0
1735,2015-06-30,中西區,7.5
1736,2015-06-30,北區,1.3333333333333333
1737,2015-06-30,南區,8.5
1738,2015-06-30,安南區,3.0
1739,2015-06-30,安平區,1.0
1740,2015-06-30,東區,5.0
1741,2015-06-30,永康區,4.5
1742,2015-06-04,北區,3.5
1743,2015-06-04,南區,12.0
1744,2015-06-04,善化區,0.0
1745,2015-06-04,安南區,8.0
1746,2015-06-04,安平區,3.0
1747,2015-06-04,官田區,2.0
1748,2015-06-04,將軍區,2.0
1749,2015-06-04,東區,10.0
1750,2015-06-04,柳營區,0.0
1751,2015-06-04,歸仁區,0.0
1752,2015-06-04,永康區,9.0
1753,2015-06-04,關廟區,14.0
1754,2015-06-05,中西區,8.5
1755,2015-06-05,仁德區,0.0
1756,2015-06-05,北區,5.0
1757,2015-06-05,南區,6.0
1758,2015-06-05,安南區,5.0
1759,2015-06-05,安平區,4.0
1760,2015-06-05,新化區,0.0
1761,2015-06-05,東區,16.5
1762,2015-06-05,柳營區,0.0
1763,2015-06-05,永康區,8.666666666666666
1764,2015-06-05,白河區,1.0
1765,2015-06-05,麻豆區,2.0
1766,2015-06-06,北區,38.0
1767,2015-06-07,安定區,0.0
1768,2015-06-07,官田區,2.0
1769,2015-06-08,七股區,0.0
1770,2015-06-08,中西區,10.5
1771,2015-06-08,北區,2.333333333333333
1772,2015-06-08,北門區,0.0
1773,2015-06-08,南區,5.5
1774,2015-06-08,大內區,0.0
1775,2015-06-08,安南區,8.0
1776,2015-06-08,安定區,0.0
1777,2015-06-08,安平區,2.0
1778,2015-06-08,官田區,2.0
1779,2015-06-08,將軍區,0.0
1780,2015-06-08,山上區,0.0
1781,2015-06-08,新化區,0.0
1782,2015-06-08,東區,6.5
1783,2015-06-08,柳營區,0.0
1784,2015-06-08,楠西區,0.0
1785,2015-06-08,永康區,3.333333333333333
1786,2015-06-08,玉井區,0.0
1787,2015-06-08,白河區,0.0
1788,2015-06-08,龍崎區,0.0
1789,2015-06-09,中西區,2.5
1790,2015-06-09,北區,8.0
1791,2015-06-09,南化區,0.0
1792,2015-06-09,南區,12.0
1793,2015-06-09,善化區,4.0
1794,2015-06-09,大內區,0.0
1795,2015-06-09,安南區,4.5
1796,2015-06-09,安平區,1.0
1797,2015-06-09,左鎮區,6.0
1798,2015-06-09,新市區,0.0
1799,2015-06-09,東區,2.0
1800,2015-06-09,楠西區,0.0
1801,2015-06-09,永康區,13.5
1802,2015-06-09,龍崎區,0.0
1803,2015-07-01,中西區,5.333333333333333
1804,2015-07-01,佳里區,2.0
1805,2015-07-01,北區,3.6666666666666665
1806,2015-07-01,南區,3.5
1807,2015-07-01,安南區,1.0
1808,2015-07-01,安定區,0.0
1809,2015-07-01,安平區,1.0
1810,2015-07-01,將軍區,0.0
1811,2015-07-01,新營區,3.0
1812,2015-07-01,東區,2.6666666666666665
1813,2015-07-01,永康區,5.0
1814,2015-07-01,麻豆區,0.0
1815,2015-07-10,北區,12.0
1816,2015-07-10,南化區,0.0
1817,2015-07-10,大內區,0.0
1818,2015-07-10,安南區,4.0
1819,2015-07-10,安定區,0.0
1820,2015-07-10,新化區,0.0
1821,2015-07-10,永康區,6.0
1822,2015-07-10,麻豆區,6.0
1823,2015-07-10,龍崎區,0.0
1824,2015-07-11,七股區,2.0
1825,2015-07-11,下營區,0.0
1826,2015-07-11,中西區,5.6
1827,2015-07-11,仁德區,0.0
1828,2015-07-11,六甲區,0.0
1829,2015-07-11,安平區,0.0
1830,2015-07-11,官田區,2.0
1831,2015-07-11,山上區,3.0
1832,2015-07-11,新市區,0.0
1833,2015-07-11,新營區,0.0
1834,2015-07-11,楠西區,0.0
1835,2015-07-11,歸仁區,0.0
1836,2015-07-11,西港區,2.0
1837,2015-07-11,鹽水區,0.0
1838,2015-07-11,麻豆區,0.0
1839,2015-07-12,安南區,11.5
1840,2015-07-13,中西區,3.0
1841,2015-07-13,仁德區,0.0
1842,2015-07-13,北區,6.8
1843,2015-07-13,南區,3.5
1844,2015-07-13,大內區,0.0
1845,2015-07-13,安平區,6.0
1846,2015-07-13,官田區,2.0
1847,2015-07-13,將軍區,6.0
1848,2015-07-13,新市區,0.0
1849,2015-07-13,東區,1.0
1850,2015-07-13,楠西區,4.0
1851,2015-07-13,永康區,8.0
1852,2015-07-13,白河區,0.0
1853,2015-07-14,下營區,0.0
1854,2015-07-14,中西區,10.5
1855,2015-07-14,仁德區,0.0
1856,2015-07-14,六甲區,2.0
1857,2015-07-14,北區,7.2
1858,2015-07-14,北門區,0.0
1859,2015-07-14,南區,5.5
1860,2015-07-14,大內區,0.0
1861,2015-07-14,安南區,8.333333333333334
1862,2015-07-14,安平區,12.5
1863,2015-07-14,新化區,0.0
1864,2015-07-14,東區,8.0
1865,2015-07-14,東山區,0.0
1866,2015-07-14,柳營區,0.0
1867,2015-07-14,永康區,2.0
1868,2015-07-14,玉井區,0.0
1869,2015-07-15,七股區,0.0
1870,2015-07-15,中西區,14.0
1871,2015-07-15,佳里區,3.0
1872,2015-07-15,北區,12.0
1873,2015-07-15,南區,4.5
1874,2015-07-15,安南區,7.5
1875,2015-07-15,安定區,0.0
1876,2015-07-15,安平區,4.0
1877,2015-07-15,官田區,0.0
1878,2015-07-15,將軍區,4.0
1879,2015-07-15,新化區,0.0
1880,2015-07-15,東區,16.0
1881,2015-07-15,東山區,0.0
1882,2015-07-15,永康區,8.666666666666666
1883,2015-07-15,玉井區,0.0
1884,2015-07-15,麻豆區,8.0
1885,2015-07-16,中西區,8.0
1886,2015-07-16,北區,0.5
1887,2015-07-16,南化區,0.0
1888,2015-07-16,南區,8.0
1889,2015-07-16,善化區,0.0
1890,2015-07-16,學甲區,4.0
1891,2015-07-16,安南區,4.0
1892,2015-07-16,安平區,2.0
1893,2015-07-16,後壁區,0.6666666666666666
1894,2015-07-16,新市區,2.0
1895,2015-07-16,東區,7.0
1896,2015-07-16,東山區,0.0
1897,2015-07-16,楠西區,0.0
1898,2015-07-16,永康區,4.8
1899,2015-07-16,關廟區,2.0
1900,2015-07-16,麻豆區,0.0
1901,2015-07-17,七股區,0.0
1902,2015-07-17,下營區,0.0
1903,2015-07-17,中西區,8.666666666666666
1904,2015-07-17,仁德區,8.0
1905,2015-07-17,北區,2.5
1906,2015-07-17,北門區,0.0
1907,2015-07-17,南區,6.0
1908,2015-07-17,大內區,16.0
1909,2015-07-17,安南區,19.0
1910,2015-07-17,安定區,0.0
1911,2015-07-17,安平區,4.0
1912,2015-07-17,官田區,2.0
1913,2015-07-17,後壁區,0.0
1914,2015-07-17,東區,14.0
1915,2015-07-17,永康區,8.333333333333334
1916,2015-07-17,西港區,0.0
1917,2015-07-18,北區,2.5
1918,2015-07-18,南化區,0.0
1919,2015-07-18,安南區,2.5
1920,2015-07-18,安平區,0.0
1921,2015-07-18,山上區,2.0
1922,2015-07-18,左鎮區,2.0
1923,2015-07-18,歸仁區,2.0
1924,2015-07-19,北區,19.0
1925,2015-07-19,安南區,2.0
1926,2015-07-19,安定區,2.0
1927,2015-07-19,永康區,4.0
1928,2015-07-02,中西區,6.0
1929,2015-07-02,北區,0.0
1930,2015-07-02,南區,4.0
1931,2015-07-02,安南區,5.0
1932,2015-07-02,安定區,28.0
1933,2015-07-02,安平區,2.0
1934,2015-07-02,將軍區,0.0
1935,2015-07-02,山上區,0.0
1936,2015-07-02,新市區,0.0
1937,2015-07-02,新營區,3.0
1938,2015-07-02,東區,5.0
1939,2015-07-02,柳營區,0.0
1940,2015-07-02,歸仁區,0.0
1941,2015-07-02,永康區,6.0
1942,2015-07-02,西港區,4.0
1943,2015-07-02,關廟區,2.0
1944,2015-07-02,麻豆區,2.0
1945,2015-07-20,中西區,4.5
1946,2015-07-20,六甲區,0.0
1947,2015-07-20,北區,10.666666666666666
1948,2015-07-20,南化區,0.0
1949,2015-07-20,南區,7.333333333333332
1950,2015-07-20,學甲區,2.0
1951,2015-07-20,安南區,7.666666666666668
1952,2015-07-20,安定區,0.0
1953,2015-07-20,安平區,2.0
1954,2015-07-20,新化區,13.0
1955,2015-07-20,東區,8.5
1956,2015-07-20,東山區,0.0
1957,2015-07-20,楠西區,0.0
1958,2015-07-20,永康區,5.5
1959,2015-07-21,中西區,8.5
1960,2015-07-21,仁德區,2.0
1961,2015-07-21,六甲區,2.0
1962,2015-07-21,北區,11.25
1963,2015-07-21,北門區,0.0
1964,2015-07-21,南化區,0.0
1965,2015-07-21,南區,8.0
1966,2015-07-21,安南區,4.0
1967,2015-07-21,安平區,10.0
1968,2015-07-21,山上區,0.0
1969,2015-07-21,東區,6.5
1970,2015-07-21,永康區,12.5
1971,2015-07-21,玉井區,0.0
1972,2015-07-21,關廟區,4.0
1973,2015-07-22,中西區,8.0
1974,2015-07-22,佳里區,3.0
1975,2015-07-22,六甲區,8.0
1976,2015-07-22,北區,6.6
1977,2015-07-22,南區,0.0
1978,2015-07-22,安南區,5.0
1979,2015-07-22,安平區,4.0
1980,2015-07-22,左鎮區,2.0
1981,2015-07-22,後壁區,0.0
1982,2015-07-22,東區,9.333333333333334
1983,2015-07-22,東山區,0.0
1984,2015-07-22,歸仁區,0.0
1985,2015-07-22,永康區,9.0
1986,2015-07-22,西港區,9.0
1987,2015-07-23,七股區,0.0
1988,2015-07-23,中西區,15.0
1989,2015-07-23,佳里區,2.0
1990,2015-07-23,北區,23.25
1991,2015-07-23,學甲區,4.0
1992,2015-07-23,安南區,3.333333333333333
1993,2015-07-23,安平區,1.0
1994,2015-07-23,左鎮區,1.0
1995,2015-07-23,新市區,0.0
1996,2015-07-23,歸仁區,0.0
1997,2015-07-24,下營區,0.0
1998,2015-07-24,中西區,13.0
1999,2015-07-24,仁德區,1.0
2000,2015-07-24,北區,16.0
2001,2015-07-24,南區,14.0
2002,2015-07-24,安南區,0.6666666666666666
2003,2015-07-24,安定區,12.0
2004,2015-07-24,安平區,5.0
2005,2015-07-24,山上區,2.0
2006,2015-07-24,東區,16.0
2007,2015-07-24,永康區,7.5
2008,2015-07-24,玉井區,0.0
2009,2015-07-24,關廟區,4.0
2010,2015-07-25,中西區,5.333333333333333
2011,2015-07-25,北區,11.0
2012,2015-07-25,南區,13.0
2013,2015-07-25,歸仁區,14.0
2014,2015-07-26,中西區,12.0
2015,2015-07-26,北區,12.8
2016,2015-07-26,南區,4.0
2017,2015-07-26,左鎮區,0.0
2018,2015-07-27,七股區,0.0
2019,2015-07-27,中西區,4.0
2020,2015-07-27,北區,14.0
2021,2015-07-27,南區,5.666666666666668
2022,2015-07-27,安南區,2.0
2023,2015-07-27,安定區,2.0
2024,2015-07-27,安平區,3.0
2025,2015-07-27,官田區,1.0
2026,2015-07-27,山上區,2.0
2027,2015-07-27,東區,5.333333333333333
2028,2015-07-27,永康區,6.333333333333332
2029,2015-07-27,關廟區,5.0
2030,2015-07-28,中西區,11.0
2031,2015-07-28,仁德區,1.0
2032,2015-07-28,北區,6.2727272727272725
2033,2015-07-28,北門區,0.0
2034,2015-07-28,南區,1.3333333333333333
2035,2015-07-28,學甲區,2.0
2036,2015-07-28,安南區,1.3333333333333333
2037,2015-07-28,安平區,4.0
2038,2015-07-28,官田區,3.5
2039,2015-07-28,山上區,3.0
2040,2015-07-28,新化區,2.5
2041,2015-07-28,東區,6.666666666666668
2042,2015-07-28,永康區,3.6666666666666665
2043,2015-07-28,關廟區,5.0
2044,2015-07-29,中西區,7.6
2045,2015-07-29,北區,2.6666666666666665
2046,2015-07-29,南區,11.75
2047,2015-07-29,安南區,12.5
2048,2015-07-29,安平區,2.0
2049,2015-07-29,官田區,4.0
2050,2015-07-29,東區,4.5
2051,2015-07-29,永康區,6.0
2052,2015-07-03,七股區,0.0
2053,2015-07-03,中西區,22.0
2054,2015-07-03,仁德區,1.5
2055,2015-07-03,北區,5.166666666666667
2056,2015-07-03,南化區,0.0
2057,2015-07-03,南區,3.5
2058,2015-07-03,善化區,0.0
2059,2015-07-03,安南區,11.0
2060,2015-07-03,將軍區,4.0
2061,2015-07-03,東區,6.666666666666668
2062,2015-07-03,柳營區,0.0
2063,2015-07-03,永康區,9.0
2064,2015-07-03,玉井區,0.0
2065,2015-07-03,西港區,2.0
2066,2015-07-30,中西區,15.0
2067,2015-07-30,六甲區,2.5
2068,2015-07-30,北區,8.0
2069,2015-07-30,南區,12.25
2070,2015-07-30,安南區,3.6666666666666665
2071,2015-07-30,安平區,1.0
2072,2015-07-30,東區,17.0
2073,2015-07-30,楠西區,2.0
2074,2015-07-30,永康區,4.0
2075,2015-07-31,中西區,7.8
2076,2015-07-31,六甲區,5.0
2077,2015-07-31,北區,2.5
2078,2015-07-31,南區,5.0
2079,2015-07-31,安南區,2.333333333333333
2080,2015-07-31,安平區,11.666666666666664
2081,2015-07-31,將軍區,0.625
2082,2015-07-31,東區,14.666666666666664
2083,2015-07-31,永康區,7.333333333333332
2084,2015-07-04,中西區,3.0
2085,2015-07-04,北區,16.0
2086,2015-07-04,北門區,0.0
2087,2015-07-04,歸仁區,0.0
2088,2015-07-05,佳里區,0.0
2089,2015-07-05,北區,7.0
2090,2015-07-05,左鎮區,0.0
2091,2015-07-06,七股區,0.0
2092,2015-07-06,中西區,4.5
2093,2015-07-06,北區,2.75
2094,2015-07-06,南區,5.5
2095,2015-07-06,學甲區,0.0
2096,2015-07-06,安南區,3.333333333333333
2097,2015-07-06,安平區,0.0
2098,2015-07-06,官田區,2.0
2099,2015-07-06,左鎮區,0.0
2100,2015-07-06,東區,3.0
2101,2015-07-06,永康區,9.0
2102,2015-07-06,白河區,0.0
2103,2015-07-06,鹽水區,0.0
2104,2015-07-06,龍崎區,0.0
2105,2015-07-07,下營區,0.0
2106,2015-07-07,中西區,4.0
2107,2015-07-07,北區,4.666666666666667
2108,2015-07-07,北門區,0.0
2109,2015-07-07,南區,3.6666666666666665
2110,2015-07-07,善化區,0.0
2111,2015-07-07,學甲區,0.0
2112,2015-07-07,安南區,2.0
2113,2015-07-07,安平區,5.0
2114,2015-07-07,山上區,0.0
2115,2015-07-07,東區,1.5
2116,2015-07-07,永康區,8.4
2117,2015-07-07,西港區,0.0
2118,2015-07-07,關廟區,0.0
2119,2015-07-07,龍崎區,0.0
2120,2015-07-08,下營區,2.0
2121,2015-07-08,佳里區,0.0
2122,2015-07-08,六甲區,0.0
2123,2015-07-08,北區,12.5
2124,2015-07-08,大內區,2.0
2125,2015-07-08,安南區,7.0
2126,2015-07-08,新市區,0.0
2127,2015-07-08,新營區,0.0
2128,2015-07-08,東區,0.0
2129,2015-07-08,永康區,3.333333333333333
2130,2015-07-09,中西區,7.0
2131,2015-07-09,北區,7.25
2132,2015-07-09,南區,4.5
2133,2015-07-09,善化區,6.0
2134,2015-07-09,大內區,0.0
2135,2015-07-09,學甲區,4.0
2136,2015-07-09,安南區,11.0
2137,2015-07-09,安平區,0.0
2138,2015-07-09,官田區,2.0
2139,2015-07-09,新化區,0.0
2140,2015-07-09,東區,1.0
2141,2015-07-09,柳營區,0.0
2142,2015-07-09,永康區,6.0
2143,2015-07-09,玉井區,0.0
2144,2015-07-09,鹽水區,0.0
2145,2015-07-09,龍崎區,0.0
2146,2015-08-01,中西區,7.0
2147,2015-08-01,仁德區,9.0
2148,2015-08-01,北區,4.666666666666667
2149,2015-08-01,南區,3.0
2150,2015-08-01,安定區,1.5
2151,2015-08-01,安平區,3.0
2152,2015-08-01,後壁區,0.0
2153,2015-08-01,楠西區,0.0
2154,2015-08-01,歸仁區,3.4545454545454546
2155,2015-08-10,七股區,2.5
2156,2015-08-10,下營區,0.0
2157,2015-08-10,中西區,2.2
2158,2015-08-10,仁德區,0.0
2159,2015-08-10,北區,0.0
2160,2015-08-10,南化區,0.0
2161,2015-08-10,南區,2.0
2162,2015-08-10,大內區,0.0
2163,2015-08-10,安南區,6.0
2164,2015-08-10,安平區,50.0
2165,2015-08-10,官田區,0.0
2166,2015-08-10,將軍區,3.0
2167,2015-08-10,新市區,0.0
2168,2015-08-10,新營區,2.0
2169,2015-08-10,東區,3.0
2170,2015-08-10,歸仁區,0.0
2171,2015-08-10,永康區,6.0
2172,2015-08-10,西港區,2.0
2173,2015-08-10,麻豆區,8.0
2174,2015-08-11,七股區,1.0
2175,2015-08-11,下營區,1.0
2176,2015-08-11,中西區,25.0
2177,2015-08-11,仁德區,8.0
2178,2015-08-11,六甲區,7.333333333333332
2179,2015-08-11,北區,0.3333333333333333
2180,2015-08-11,北門區,8.0
2181,2015-08-11,南化區,4.333333333333333
2182,2015-08-11,南區,11.0
2183,2015-08-11,大內區,2.0
2184,2015-08-11,學甲區,1.0
2185,2015-08-11,安南區,6.5
2186,2015-08-11,安平區,7.0
2187,2015-08-11,官田區,0.0
2188,2015-08-11,左鎮區,8.0
2189,2015-08-11,歸仁區,2.0
2190,2015-08-11,永康區,3.0
2191,2015-08-11,關廟區,8.0
2192,2015-08-11,麻豆區,2.0
2193,2015-08-12,七股區,0.0
2194,2015-08-12,中西區,7.0
2195,2015-08-12,北區,0.5
2196,2015-08-12,北門區,0.0
2197,2015-08-12,南化區,6.5
2198,2015-08-12,南區,2.1111111111111107
2199,2015-08-12,大內區,0.0
2200,2015-08-12,安南區,4.0
2201,2015-08-12,安平區,5.0
2202,2015-08-12,將軍區,8.0
2203,2015-08-12,山上區,3.0
2204,2015-08-12,新化區,30.0
2205,2015-08-12,新市區,0.0
2206,2015-08-12,東區,7.0
2207,2015-08-12,東山區,2.0
2208,2015-08-12,歸仁區,0.4
2209,2015-08-12,永康區,1.0
2210,2015-08-12,白河區,0.0
2211,2015-08-12,西港區,3.5
2212,2015-08-12,關廟區,0.0
2213,2015-08-12,鹽水區,0.0
2214,2015-08-13,七股區,1.0
2215,2015-08-13,中西區,0.0
2216,2015-08-13,仁德區,0.0
2217,2015-08-13,佳里區,0.0
2218,2015-08-13,北區,0.5
2219,2015-08-13,北門區,0.0
2220,2015-08-13,南區,3.6
2221,2015-08-13,安南區,1.6
2222,2015-08-13,安平區,0.0
2223,2015-08-13,後壁區,0.0
2224,2015-08-13,新營區,0.0
2225,2015-08-13,東區,6.0
2226,2015-08-13,柳營區,1.5
2227,2015-08-13,歸仁區,0.7777777777777778
2228,2015-08-13,永康區,3.0
2229,2015-08-13,西港區,6.0
2230,2015-08-13,關廟區,5.0
2231,2015-08-13,鹽水區,0.0
2232,2015-08-13,麻豆區,18.0
2233,2015-08-13,龍崎區,0.0
2234,2015-08-14,七股區,0.0
2235,2015-08-14,中西區,12.25
2236,2015-08-14,仁德區,0.0
2237,2015-08-14,北區,2.5
2238,2015-08-14,北門區,1.6666666666666667
2239,2015-08-14,南區,0.8
2240,2015-08-14,安南區,1.5
2241,2015-08-14,安平區,10.666666666666666
2242,2015-08-14,後壁區,1.0
2243,2015-08-14,新化區,2.0
2244,2015-08-14,新營區,3.0
2245,2015-08-14,東山區,0.0
2246,2015-08-14,柳營區,4.0
2247,2015-08-14,歸仁區,1.2
2248,2015-08-14,永康區,2.0
2249,2015-08-14,白河區,7.0
2250,2015-08-14,西港區,6.0
2251,2015-08-15,中西區,4.0
2252,2015-08-15,仁德區,0.0
2253,2015-08-15,六甲區,0.0
2254,2015-08-15,南區,0.0
2255,2015-08-15,安南區,1.3333333333333333
2256,2015-08-15,官田區,0.0
2257,2015-08-15,後壁區,0.0
2258,2015-08-15,新化區,0.0
2259,2015-08-15,東區,0.7142857142857143
2260,2015-08-15,歸仁區,0.2857142857142857
2261,2015-08-15,永康區,2.333333333333333
2262,2015-08-15,麻豆區,6.0
2263,2015-08-16,中西區,5.666666666666668
2264,2015-08-16,仁德區,0.0
2265,2015-08-16,南區,4.0
2266,2015-08-16,安南區,7.666666666666668
2267,2015-08-16,安平區,0.0
2268,2015-08-16,新化區,0.0
2269,2015-08-16,柳營區,2.0
2270,2015-08-16,永康區,0.0
2271,2015-08-16,麻豆區,9.0
2272,2015-08-17,七股區,2.0
2273,2015-08-17,仁德區,0.0
2274,2015-08-17,北區,0.6666666666666666
2275,2015-08-17,北門區,0.0
2276,2015-08-17,南區,3.25
2277,2015-08-17,善化區,3.0
2278,2015-08-17,安南區,0.0
2279,2015-08-17,安平區,6.0
2280,2015-08-17,後壁區,0.0
2281,2015-08-17,新化區,10.0
2282,2015-08-17,新市區,0.0
2283,2015-08-17,新營區,2.0
2284,2015-08-17,東區,4.0
2285,2015-08-17,永康區,0.0
2286,2015-08-17,玉井區,4.25
2287,2015-08-17,西港區,4.0
2288,2015-08-18,七股區,1.0
2289,2015-08-18,中西區,7.0
2290,2015-08-18,仁德區,1.5
2291,2015-08-18,北區,0.125
2292,2015-08-18,北門區,4.0
2293,2015-08-18,南區,1.6666666666666667
2294,2015-08-18,善化區,1.3333333333333333
2295,2015-08-18,大內區,0.0
2296,2015-08-18,安南區,4.0
2297,2015-08-18,安定區,4.25
2298,2015-08-18,安平區,0.0
2299,2015-08-18,後壁區,1.0
2300,2015-08-18,新化區,11.4
2301,2015-08-18,新營區,10.0
2302,2015-08-18,東區,6.0
2303,2015-08-18,永康區,2.0
2304,2015-08-18,玉井區,8.25
2305,2015-08-19,七股區,0.0
2306,2015-08-19,中西區,5.666666666666668
2307,2015-08-19,仁德區,3.0
2308,2015-08-19,佳里區,7.5
2309,2015-08-19,北區,1.0
2310,2015-08-19,北門區,4.0
2311,2015-08-19,南區,2.2857142857142856
2312,2015-08-19,安定區,0.0
2313,2015-08-19,將軍區,2.0
2314,2015-08-19,山上區,0.0
2315,2015-08-19,後壁區,2.0
2316,2015-08-19,新營區,12.0
2317,2015-08-19,東區,5.857142857142858
2318,2015-08-19,東山區,0.0
2319,2015-08-19,柳營區,0.3333333333333333
2320,2015-08-19,楠西區,9.0
2321,2015-08-19,永康區,2.75
2322,2015-08-19,玉井區,3.5
2323,2015-08-19,白河區,0.0
2324,2015-08-19,西港區,8.666666666666666
2325,2015-08-19,關廟區,11.0
2326,2015-08-19,龍崎區,18.0
2327,2015-08-02,中西區,4.5
2328,2015-08-02,安定區,3.5
2329,2015-08-02,安平區,0.0
2330,2015-08-02,官田區,3.6666666666666665
2331,2015-08-02,山上區,11.0
2332,2015-08-02,歸仁區,2.5
2333,2015-08-20,七股區,0.0
2334,2015-08-20,中西區,0.0
2335,2015-08-20,仁德區,0.0
2336,2015-08-20,北區,7.666666666666668
2337,2015-08-20,北門區,14.0
2338,2015-08-20,南區,5.666666666666668
2339,2015-08-20,善化區,0.0
2340,2015-08-20,安南區,5.0
2341,2015-08-20,安平區,4.0
2342,2015-08-20,將軍區,8.0
2343,2015-08-20,左鎮區,3.0
2344,2015-08-20,東區,4.75
2345,2015-08-20,永康區,0.6666666666666666
2346,2015-08-20,西港區,10.0
2347,2015-08-20,關廟區,10.0
2348,2015-08-20,龍崎區,18.0
2349,2015-08-21,七股區,0.0
2350,2015-08-21,下營區,2.0
2351,2015-08-21,仁德區,2.0
2352,2015-08-21,北區,0.6666666666666666
2353,2015-08-21,北門區,6.0
2354,2015-08-21,南區,1.1666666666666667
2355,2015-08-21,安南區,3.0
2356,2015-08-21,安定區,7.0
2357,2015-08-21,安平區,0.0
2358,2015-08-21,後壁區,2.0
2359,2015-08-21,新營區,7.0
2360,2015-08-21,東區,3.75
2361,2015-08-21,柳營區,10.5
2362,2015-08-21,永康區,0.2
2363,2015-08-21,玉井區,2.5
2364,2015-08-21,白河區,2.0
2365,2015-08-21,西港區,10.0
2366,2015-08-21,關廟區,1.0
2367,2015-08-21,麻豆區,7.4
2368,2015-08-22,仁德區,0.0
2369,2015-08-22,南區,7.0
2370,2015-08-22,安南區,2.0
2371,2015-08-22,新化區,16.0
2372,2015-08-22,新營區,0.0
2373,2015-08-22,柳營區,3.0
2374,2015-08-22,永康區,2.0
2375,2015-08-22,西港區,8.0
2376,2015-08-23,七股區,0.0
2377,2015-08-23,安定區,0.0
2378,2015-08-23,後壁區,4.0
2379,2015-08-23,新化區,18.5
2380,2015-08-23,西港區,15.0
2381,2015-08-23,關廟區,3.0
2382,2015-08-24,七股區,5.0
2383,2015-08-24,下營區,0.0
2384,2015-08-24,中西區,2.833333333333333
2385,2015-08-24,仁德區,0.3333333333333333
2386,2015-08-24,北區,0.5
2387,2015-08-24,北門區,4.0
2388,2015-08-24,南區,12.75
2389,2015-08-24,安南區,2.5
2390,2015-08-24,安定區,13.0
2391,2015-08-24,後壁區,3.0
2392,2015-08-24,新市區,2.0
2393,2015-08-24,東區,6.0
2394,2015-08-24,永康區,0.5
2395,2015-08-24,玉井區,1.0
2396,2015-08-24,白河區,0.0
2397,2015-08-24,西港區,0.0
2398,2015-08-24,麻豆區,23.33333333333333
2399,2015-08-25,七股區,1.0
2400,2015-08-25,下營區,4.333333333333333
2401,2015-08-25,中西區,2.0
2402,2015-08-25,仁德區,0.0
2403,2015-08-25,北區,1.0
2404,2015-08-25,北門區,14.0
2405,2015-08-25,南區,2.1111111111111107
2406,2015-08-25,安南區,2.0
2407,2015-08-25,安定區,0.0
2408,2015-08-25,安平區,0.0
2409,2015-08-25,山上區,10.0
2410,2015-08-25,新化區,0.0
2411,2015-08-25,新營區,14.0
2412,2015-08-25,東區,4.0
2413,2015-08-25,永康區,0.3333333333333333
2414,2015-08-25,玉井區,0.0
2415,2015-08-25,麻豆區,0.0
2416,2015-08-26,七股區,1.0
2417,2015-08-26,下營區,5.0
2418,2015-08-26,中西區,1.0
2419,2015-08-26,仁德區,2.0
2420,2015-08-26,北區,0.0
2421,2015-08-26,南區,0.0
2422,2015-08-26,安南區,0.0
2423,2015-08-26,安定區,8.0
2424,2015-08-26,將軍區,12.0
2425,2015-08-26,新化區,9.0
2426,2015-08-26,永康區,2.333333333333333
2427,2015-08-26,玉井區,1.0
2428,2015-08-26,西港區,0.6666666666666666
2429,2015-08-26,麻豆區,5.0
2430,2015-08-27,七股區,1.0
2431,2015-08-27,下營區,4.0
2432,2015-08-27,中西區,0.0
2433,2015-08-27,仁德區,4.0
2434,2015-08-27,北區,2.0
2435,2015-08-27,南區,0.0
2436,2015-08-27,安南區,0.0
2437,2015-08-27,安定區,0.0
2438,2015-08-27,安平區,4.0
2439,2015-08-27,新化區,1.3333333333333333
2440,2015-08-27,東區,1.0
2441,2015-08-27,歸仁區,5.5
2442,2015-08-27,永康區,0.6666666666666666
2443,2015-08-27,玉井區,0.0
2444,2015-08-27,關廟區,19.0
2445,2015-08-27,麻豆區,3.0
2446,2015-08-28,下營區,5.0
2447,2015-08-28,中西區,6.5
2448,2015-08-28,仁德區,13.0
2449,2015-08-28,北區,0.0
2450,2015-08-28,北門區,14.0
2451,2015-08-28,南區,2.75
2452,2015-08-28,安南區,0.0
2453,2015-08-28,安定區,0.0
2454,2015-08-28,安平區,14.0
2455,2015-08-28,新化區,3.0
2456,2015-08-28,東區,12.0
2457,2015-08-28,永康區,3.0
2458,2015-08-28,西港區,2.0
2459,2015-08-28,關廟區,39.0
2460,2015-08-29,下營區,4.0
2461,2015-08-29,中西區,1.0
2462,2015-08-29,仁德區,7.0
2463,2015-08-29,北區,0.0
2464,2015-08-29,北門區,7.0
2465,2015-08-29,安南區,4.0
2466,2015-08-29,新化區,0.0
2467,2015-08-29,歸仁區,0.0
2468,2015-08-29,關廟區,39.0
2469,2015-08-03,中西區,4.8
2470,2015-08-03,仁德區,0.0
2471,2015-08-03,北區,9.0
2472,2015-08-03,南區,2.6
2473,2015-08-03,大內區,2.0
2474,2015-08-03,安南區,1.8
2475,2015-08-03,安定區,0.0
2476,2015-08-03,安平區,1.0
2477,2015-08-03,山上區,1.0
2478,2015-08-03,左鎮區,2.0
2479,2015-08-03,後壁區,0.0
2480,2015-08-03,新營區,1.0
2481,2015-08-03,東區,17.0
2482,2015-08-03,楠西區,0.0
2483,2015-08-03,歸仁區,4.0
2484,2015-08-03,永康區,4.333333333333333
2485,2015-08-03,玉井區,1.0
2486,2015-08-03,白河區,0.0
2487,2015-08-03,西港區,8.0
2488,2015-08-03,麻豆區,9.0
2489,2015-08-03,龍崎區,4.0
2490,2015-08-30,下營區,0.0
2491,2015-08-30,北區,0.0
2492,2015-08-30,南區,0.5
2493,2015-08-30,永康區,1.0
2494,2015-08-30,玉井區,8.0
2495,2015-08-30,關廟區,11.0
2496,2015-08-31,下營區,1.6666666666666667
2497,2015-08-31,中西區,1.0
2498,2015-08-31,北區,3.5
2499,2015-08-31,南區,9.5
2500,2015-08-31,安南區,3.5
2501,2015-08-31,安平區,0.0
2502,2015-08-31,新營區,4.0
2503,2015-08-31,永康區,2.0
2504,2015-08-31,玉井區,2.0
2505,2015-08-31,關廟區,33.0
2506,2015-08-04,七股區,3.0
2507,2015-08-04,中西區,3.0
2508,2015-08-04,仁德區,0.0
2509,2015-08-04,佳里區,0.0
2510,2015-08-04,北區,2.0
2511,2015-08-04,北門區,0.0
2512,2015-08-04,南區,5.75
2513,2015-08-04,大內區,14.0
2514,2015-08-04,學甲區,0.6666666666666666
2515,2015-08-04,安南區,0.0
2516,2015-08-04,安平區,1.0
2517,2015-08-04,山上區,1.0
2518,2015-08-04,左鎮區,7.0
2519,2015-08-04,新市區,0.0
2520,2015-08-04,東區,10.0
2521,2015-08-04,東山區,0.0
2522,2015-08-04,柳營區,0.5
2523,2015-08-04,楠西區,4.0
2524,2015-08-04,永康區,3.0
2525,2015-08-04,西港區,1.0
2526,2015-08-04,關廟區,3.0
2527,2015-08-04,麻豆區,5.0
2528,2015-08-05,七股區,0.0
2529,2015-08-05,中西區,8.2
2530,2015-08-05,仁德區,0.0
2531,2015-08-05,佳里區,6.5
2532,2015-08-05,六甲區,0.0
2533,2015-08-05,北區,4.666666666666667
2534,2015-08-05,南區,3.5
2535,2015-08-05,大內區,10.0
2536,2015-08-05,學甲區,12.0
2537,2015-08-05,安定區,6.25
2538,2015-08-05,安平區,0.0
2539,2015-08-05,官田區,2.0
2540,2015-08-05,將軍區,7.5
2541,2015-08-05,山上區,6.0
2542,2015-08-05,新化區,4.4
2543,2015-08-05,新營區,0.0
2544,2015-08-05,東區,6.0
2545,2015-08-05,東山區,0.0
2546,2015-08-05,楠西區,0.0
2547,2015-08-05,永康區,7.333333333333332
2548,2015-08-05,西港區,6.0
2549,2015-08-05,關廟區,3.0
2550,2015-08-05,麻豆區,5.0
2551,2015-08-06,七股區,1.0
2552,2015-08-06,中西區,4.666666666666667
2553,2015-08-06,北區,3.0
2554,2015-08-06,北門區,0.0
2555,2015-08-06,南區,5.0
2556,2015-08-06,大內區,14.0
2557,2015-08-06,安南區,2.5
2558,2015-08-06,安定區,4.0
2559,2015-08-06,安平區,3.6666666666666665
2560,2015-08-06,山上區,2.0
2561,2015-08-06,東區,5.333333333333333
2562,2015-08-06,東山區,0.0
2563,2015-08-06,歸仁區,7.0
2564,2015-08-06,永康區,8.0
2565,2015-08-06,西港區,7.0
2566,2015-08-06,關廟區,1.5
2567,2015-08-06,麻豆區,5.5
2568,2015-08-07,七股區,0.0
2569,2015-08-07,中西區,4.333333333333333
2570,2015-08-07,仁德區,2.0
2571,2015-08-07,六甲區,4.0
2572,2015-08-07,北區,1.75
2573,2015-08-07,南區,4.8
2574,2015-08-07,學甲區,0.0
2575,2015-08-07,安南區,0.0
2576,2015-08-07,安定區,2.0
2577,2015-08-07,安平區,0.0
2578,2015-08-07,左鎮區,2.0
2579,2015-08-07,後壁區,2.0
2580,2015-08-07,新市區,0.0
2581,2015-08-07,東區,1.0
2582,2015-08-07,歸仁區,2.0
2583,2015-08-07,永康區,1.5
2584,2015-08-07,西港區,3.5
2585,2015-08-07,龍崎區,4.5
2586,2015-08-09,七股區,1.0
2587,2015-08-09,麻豆區,3.0
2588,2015-09-01,七股區,0.6666666666666666
2589,2015-09-01,下營區,0.0
2590,2015-09-01,中西區,2.0
2591,2015-09-01,北區,2.0
2592,2015-09-01,北門區,79.0
2593,2015-09-01,南化區,1.0
2594,2015-09-01,安南區,3.0
2595,2015-09-01,安定區,0.0
2596,2015-09-01,安平區,24.0
2597,2015-09-01,將軍區,35.0
2598,2015-09-01,新化區,5.0
2599,2015-09-01,新營區,2.0
2600,2015-09-01,東區,9.0
2601,2015-09-01,東山區,0.0
2602,2015-09-01,柳營區,3.0
2603,2015-09-01,楠西區,8.0
2604,2015-09-01,永康區,2.5
2605,2015-09-01,西港區,5.0
2606,2015-09-01,關廟區,7.0
2607,2015-09-10,七股區,0.0
2608,2015-09-10,下營區,0.0
2609,2015-09-10,中西區,0.0
2610,2015-09-10,仁德區,1.125
2611,2015-09-10,北區,3.0
2612,2015-09-10,北門區,10.0
2613,2015-09-10,南區,27.0
2614,2015-09-10,大內區,0.0
2615,2015-09-10,安南區,0.0
2616,2015-09-10,安定區,0.0
2617,2015-09-10,官田區,2.0
2618,2015-09-10,將軍區,14.0
2619,2015-09-10,左鎮區,0.0
2620,2015-09-10,後壁區,3.5
2621,2015-09-10,新化區,0.0
2622,2015-09-10,新市區,0.0
2623,2015-09-10,東區,1.0
2624,2015-09-10,柳營區,0.0
2625,2015-09-10,歸仁區,1.0
2626,2015-09-10,永康區,2.0
2627,2015-09-10,玉井區,0.0
2628,2015-09-10,白河區,1.3333333333333333
2629,2015-09-10,西港區,15.0
2630,2015-09-10,麻豆區,12.0
2631,2015-09-11,下營區,0.0
2632,2015-09-11,北區,0.5
2633,2015-09-11,北門區,0.0
2634,2015-09-11,南化區,3.0
2635,2015-09-11,南區,2.5
2636,2015-09-11,大內區,0.0
2637,2015-09-11,安定區,0.0
2638,2015-09-11,安平區,2.0
2639,2015-09-11,將軍區,7.0
2640,2015-09-11,山上區,4.0
2641,2015-09-11,後壁區,0.0
2642,2015-09-11,新化區,0.6666666666666666
2643,2015-09-11,新市區,6.0
2644,2015-09-11,新營區,0.5
2645,2015-09-11,東山區,0.0
2646,2015-09-11,歸仁區,0.0
2647,2015-09-11,永康區,1.0
2648,2015-09-11,玉井區,0.0
2649,2015-09-11,白河區,1.0
2650,2015-09-11,關廟區,7.0
2651,2015-09-11,麻豆區,2.0
2652,2015-09-12,七股區,2.5
2653,2015-09-12,六甲區,2.1666666666666665
2654,2015-09-12,北區,0.5
2655,2015-09-12,南化區,1.5
2656,2015-09-12,南區,1.5
2657,2015-09-12,安定區,0.0
2658,2015-09-12,山上區,0.0
2659,2015-09-12,後壁區,7.0
2660,2015-09-12,新化區,2.0
2661,2015-09-12,新市區,2.0
2662,2015-09-12,新營區,0.0
2663,2015-09-12,柳營區,0.5
2664,2015-09-12,楠西區,0.0
2665,2015-09-12,永康區,11.0
2666,2015-09-12,玉井區,0.0
2667,2015-09-12,西港區,6.0
2668,2015-09-12,鹽水區,0.0
2669,2015-09-12,麻豆區,10.0
2670,2015-09-13,仁德區,0.0
2671,2015-09-13,左鎮區,0.0
2672,2015-09-13,新營區,0.0
2673,2015-09-13,柳營區,8.0
2674,2015-09-13,楠西區,0.0
2675,2015-09-13,歸仁區,0.0
2676,2015-09-13,麻豆區,1.0
2677,2015-09-14,七股區,2.0
2678,2015-09-14,中西區,0.2
2679,2015-09-14,六甲區,3.0
2680,2015-09-14,北區,1.2
2681,2015-09-14,北門區,0.0
2682,2015-09-14,南區,0.0
2683,2015-09-14,大內區,0.0
2684,2015-09-14,安平區,2.0
2685,2015-09-14,將軍區,8.0
2686,2015-09-14,後壁區,11.666666666666664
2687,2015-09-14,新化區,0.0
2688,2015-09-14,新市區,0.6666666666666666
2689,2015-09-14,東區,3.333333333333333
2690,2015-09-14,楠西區,0.0
2691,2015-09-14,永康區,0.5
2692,2015-09-14,玉井區,0.0
2693,2015-09-14,白河區,1.5
2694,2015-09-14,西港區,1.0
2695,2015-09-14,關廟區,12.333333333333336
2696,2015-09-14,鹽水區,4.0
2697,2015-09-15,七股區,3.5
2698,2015-09-15,仁德區,0.0
2699,2015-09-15,北區,2.0
2700,2015-09-15,北門區,6.0
2701,2015-09-15,南區,0.6666666666666666
2702,2015-09-15,善化區,0.0
2703,2015-09-15,安南區,0.0
2704,2015-09-15,安定區,0.0
2705,2015-09-15,官田區,0.0
2706,2015-09-15,後壁區,4.0
2707,2015-09-15,新化區,0.0
2708,2015-09-15,新市區,2.0
2709,2015-09-15,新營區,2.0
2710,2015-09-15,東區,4.75
2711,2015-09-15,柳營區,0.0
2712,2015-09-15,楠西區,0.0
2713,2015-09-15,歸仁區,0.0
2714,2015-09-15,永康區,0.5
2715,2015-09-15,玉井區,0.0
2716,2015-09-15,關廟區,6.0
2717,2015-09-15,龍崎區,4.0
2718,2015-09-16,中西區,4.0
2719,2015-09-16,仁德區,0.0
2720,2015-09-16,北門區,0.0
2721,2015-09-16,南區,0.6666666666666666
2722,2015-09-16,善化區,0.0
2723,2015-09-16,學甲區,3.0
2724,2015-09-16,安南區,1.5
2725,2015-09-16,安平區,0.0
2726,2015-09-16,左鎮區,0.6666666666666666
2727,2015-09-16,新化區,0.0
2728,2015-09-16,新市區,0.0
2729,2015-09-16,新營區,0.0
2730,2015-09-16,東區,3.0
2731,2015-09-16,東山區,2.0
2732,2015-09-16,歸仁區,0.0
2733,2015-09-16,永康區,2.0
2734,2015-09-16,西港區,3.0
2735,2015-09-16,鹽水區,0.0
2736,2015-09-16,麻豆區,0.0
2737,2015-09-17,中西區,1.3333333333333333
2738,2015-09-17,仁德區,0.0
2739,2015-09-17,北區,1.5
2740,2015-09-17,北門區,0.0
2741,2015-09-17,南區,0.6666666666666666
2742,2015-09-17,善化區,0.0
2743,2015-09-17,學甲區,0.0
2744,2015-09-17,安定區,0.0
2745,2015-09-17,安平區,0.0
2746,2015-09-17,山上區,2.0
2747,2015-09-17,後壁區,4.0
2748,2015-09-17,新化區,0.0
2749,2015-09-17,東山區,0.0
2750,2015-09-17,歸仁區,0.0
2751,2015-09-17,永康區,2.0
2752,2015-09-17,白河區,0.0
2753,2015-09-17,西港區,0.0
2754,2015-09-17,關廟區,8.5
2755,2015-09-17,鹽水區,0.0
2756,2015-09-18,七股區,2.0
2757,2015-09-18,中西區,1.5
2758,2015-09-18,仁德區,6.666666666666668
2759,2015-09-18,北區,1.0
2760,2015-09-18,善化區,0.0
2761,2015-09-18,學甲區,0.0
2762,2015-09-18,安定區,4.0
2763,2015-09-18,新化區,1.0
2764,2015-09-18,新營區,0.0
2765,2015-09-18,東區,3.75
2766,2015-09-18,歸仁區,0.5
2767,2015-09-18,永康區,2.0
2768,2015-09-18,西港區,1.0
2769,2015-09-18,麻豆區,4.0
2770,2015-09-19,北區,1.0
2771,2015-09-19,南區,0.6666666666666666
2772,2015-09-19,新化區,0.0
2773,2015-09-19,新營區,0.0
2774,2015-09-19,東區,3.0
2775,2015-09-19,永康區,2.0
2776,2015-09-19,西港區,0.0
2777,2015-09-19,鹽水區,2.0
2778,2015-09-02,七股區,1.0
2779,2015-09-02,中西區,5.666666666666668
2780,2015-09-02,北區,0.4
2781,2015-09-02,北門區,16.0
2782,2015-09-02,南化區,0.0
2783,2015-09-02,南區,15.0
2784,2015-09-02,大內區,0.0
2785,2015-09-02,安定區,0.0
2786,2015-09-02,安平區,4.0
2787,2015-09-02,官田區,0.0
2788,2015-09-02,山上區,0.0
2789,2015-09-02,後壁區,0.0
2790,2015-09-02,新化區,3.6
2791,2015-09-02,新市區,1.0
2792,2015-09-02,東區,19.0
2793,2015-09-02,柳營區,0.0
2794,2015-09-02,楠西區,0.0
2795,2015-09-02,永康區,2.5
2796,2015-09-02,西港區,2.0
2797,2015-09-02,關廟區,3.5
2798,2015-09-02,麻豆區,7.333333333333332
2799,2015-09-20,善化區,4.0
2800,2015-09-20,安南區,1.5
2801,2015-09-20,東區,3.0
2802,2015-09-20,歸仁區,0.0
2803,2015-09-20,永康區,0.0
2804,2015-09-20,麻豆區,1.0
2805,2015-09-21,中西區,3.0
2806,2015-09-21,北區,0.0
2807,2015-09-21,北門區,2.0
2808,2015-09-21,南化區,0.0
2809,2015-09-21,南區,1.8
2810,2015-09-21,善化區,6.0
2811,2015-09-21,安南區,0.0
2812,2015-09-21,安定區,0.0
2813,2015-09-21,安平區,2.0
2814,2015-09-21,將軍區,0.0
2815,2015-09-21,新化區,0.0
2816,2015-09-21,新市區,0.0
2817,2015-09-21,楠西區,0.0
2818,2015-09-21,歸仁區,0.0
2819,2015-09-21,永康區,0.5
2820,2015-09-21,西港區,0.0
2821,2015-09-21,麻豆區,16.0
2822,2015-09-21,龍崎區,6.0
2823,2015-09-22,七股區,0.0
2824,2015-09-22,北區,1.0
2825,2015-09-22,北門區,0.0
2826,2015-09-22,南區,1.3333333333333333
2827,2015-09-22,安南區,2.0
2828,2015-09-22,安定區,0.0
2829,2015-09-22,新化區,0.6666666666666666
2830,2015-09-22,東區,0.0
2831,2015-09-22,歸仁區,0.0
2832,2015-09-22,永康區,0.5
2833,2015-09-22,西港區,1.0
2834,2015-09-22,鹽水區,0.0
2835,2015-09-22,麻豆區,1.0
2836,2015-09-22,龍崎區,2.0
2837,2015-09-23,中西區,0.0
2838,2015-09-23,仁德區,0.0
2839,2015-09-23,北區,1.0
2840,2015-09-23,南區,0.6666666666666666
2841,2015-09-23,安定區,0.0
2842,2015-09-23,安平區,0.0
2843,2015-09-23,將軍區,2.0
2844,2015-09-23,山上區,0.0
2845,2015-09-23,新化區,2.0
2846,2015-09-23,東區,5.333333333333333
2847,2015-09-23,楠西區,0.0
2848,2015-09-23,歸仁區,0.0
2849,2015-09-23,永康區,0.3333333333333333
2850,2015-09-23,西港區,1.0
2851,2015-09-23,麻豆區,2.0
2852,2015-09-24,七股區,0.0
2853,2015-09-24,中西區,3.0
2854,2015-09-24,仁德區,0.0
2855,2015-09-24,北區,0.5
2856,2015-09-24,北門區,8.0
2857,2015-09-24,南區,2.0
2858,2015-09-24,安定區,0.0
2859,2015-09-24,安平區,1.0
2860,2015-09-24,官田區,0.0
2861,2015-09-24,山上區,0.0
2862,2015-09-24,左鎮區,0.0
2863,2015-09-24,新化區,0.6
2864,2015-09-24,東區,3.0
2865,2015-09-24,歸仁區,0.0
2866,2015-09-24,永康區,1.5
2867,2015-09-24,西港區,4.0
2868,2015-09-25,佳里區,6.0
2869,2015-09-25,北區,0.6666666666666666
2870,2015-09-25,北門區,4.0
2871,2015-09-25,南區,0.3333333333333333
2872,2015-09-25,安定區,0.0
2873,2015-09-25,安平區,0.0
2874,2015-09-25,官田區,0.0
2875,2015-09-25,新市區,0.0
2876,2015-09-25,東區,4.666666666666667
2877,2015-09-25,歸仁區,0.0
2878,2015-09-25,永康區,3.0
2879,2015-09-25,西港區,0.0
2880,2015-09-25,麻豆區,3.0
2881,2015-09-26,仁德區,0.0
2882,2015-09-26,佳里區,0.0
2883,2015-09-26,東區,0.0
2884,2015-09-26,永康區,0.0
2885,2015-09-26,麻豆區,2.0
2886,2015-09-27,仁德區,0.0
2887,2015-09-27,佳里區,0.0
2888,2015-09-27,北區,1.0
2889,2015-09-27,南區,0.5
2890,2015-09-27,安定區,0.0
2891,2015-09-27,東區,0.0
2892,2015-09-27,歸仁區,0.0
2893,2015-09-27,永康區,0.0
2894,2015-09-27,麻豆區,0.0
2895,2015-09-28,仁德區,0.0
2896,2015-09-28,北區,1.0
2897,2015-09-28,南區,1.0
2898,2015-09-28,安平區,0.0
2899,2015-09-28,左鎮區,2.0
2900,2015-09-28,新營區,0.0
2901,2015-09-28,永康區,0.0
2902,2015-09-28,麻豆區,15.0
2903,2015-09-29,仁德區,0.0
2904,2015-09-29,北區,1.0
2905,2015-09-29,南區,0.5
2906,2015-09-29,安平區,0.0
2907,2015-09-29,左鎮區,2.0
2908,2015-09-29,新營區,0.0
2909,2015-09-29,東區,2.0
2910,2015-09-29,歸仁區,0.0
2911,2015-09-29,永康區,0.0
2912,2015-09-29,麻豆區,1.0
2913,2015-09-29,龍崎區,2.0
2914,2015-09-03,七股區,1.0
2915,2015-09-03,下營區,2.0
2916,2015-09-03,中西區,4.5
2917,2015-09-03,仁德區,0.0
2918,2015-09-03,北門區,6.0
2919,2015-09-03,南區,4.5
2920,2015-09-03,大內區,0.0
2921,2015-09-03,安定區,0.0
2922,2015-09-03,將軍區,52.0
2923,2015-09-03,山上區,0.0
2924,2015-09-03,左鎮區,4.0
2925,2015-09-03,新化區,1.0
2926,2015-09-03,新市區,0.0
2927,2015-09-03,新營區,1.0
2928,2015-09-03,東區,21.0
2929,2015-09-03,東山區,1.0
2930,2015-09-03,柳營區,2.0
2931,2015-09-03,楠西區,7.5
2932,2015-09-03,歸仁區,0.0
2933,2015-09-03,永康區,0.5
2934,2015-09-03,關廟區,34.0
2935,2015-09-03,麻豆區,3.0
2936,2015-09-30,中西區,0.5
2937,2015-09-30,北區,0.5
2938,2015-09-30,北門區,0.0
2939,2015-09-30,南區,1.5
2940,2015-09-30,安平區,0.0
2941,2015-09-30,左鎮區,2.0
2942,2015-09-30,東區,0.3333333333333333
2943,2015-09-30,永康區,0.0
2944,2015-09-30,龍崎區,0.0
2945,2015-09-04,七股區,2.0
2946,2015-09-04,下營區,0.0
2947,2015-09-04,中西區,3.0
2948,2015-09-04,仁德區,1.5
2949,2015-09-04,北區,3.6
2950,2015-09-04,北門區,4.5
2951,2015-09-04,安平區,5.0
2952,2015-09-04,將軍區,26.0
2953,2015-09-04,後壁區,3.0
2954,2015-09-04,新化區,1.1666666666666667
2955,2015-09-04,新營區,1.0
2956,2015-09-04,東區,10.0
2957,2015-09-04,柳營區,2.0
2958,2015-09-04,永康區,2.0
2959,2015-09-04,玉井區,0.0
2960,2015-09-04,關廟區,16.0
2961,2015-09-04,龍崎區,14.0
2962,2015-09-05,七股區,5.0
2963,2015-09-05,佳里區,9.0
2964,2015-09-05,北區,1.5
2965,2015-09-05,南區,0.5
2966,2015-09-05,安定區,4.0
2967,2015-09-05,後壁區,4.0
2968,2015-09-05,新化區,1.3333333333333333
2969,2015-09-05,新市區,0.0
2970,2015-09-05,新營區,1.7142857142857142
2971,2015-09-05,柳營區,6.0
2972,2015-09-05,楠西區,7.0
2973,2015-09-05,永康區,4.0
2974,2015-09-05,玉井區,0.0
2975,2015-09-05,西港區,18.0
2976,2015-09-06,七股區,0.0
2977,2015-09-06,中西區,1.5
2978,2015-09-06,佳里區,5.0
2979,2015-09-06,南區,6.0
2980,2015-09-06,後壁區,10.0
2981,2015-09-06,新營區,1.3333333333333333
2982,2015-09-06,永康區,1.0
2983,2015-09-07,中西區,1.0
2984,2015-09-07,北區,11.0
2985,2015-09-07,北門區,8.0
2986,2015-09-07,南區,1.0
2987,2015-09-07,將軍區,8.0
2988,2015-09-07,新化區,0.0
2989,2015-09-07,新營區,0.8
2990,2015-09-07,楠西區,0.0
2991,2015-09-07,歸仁區,0.0
2992,2015-09-07,永康區,0.0
2993,2015-09-07,關廟區,100.0
2994,2015-09-07,麻豆區,28.0
2995,2015-09-08,七股區,3.0
2996,2015-09-08,中西區,1.0
2997,2015-09-08,北區,0.3333333333333333
2998,2015-09-08,北門區,6.666666666666668
2999,2015-09-08,南區,9.666666666666666
3000,2015-09-08,安南區,0.0
3001,2015-09-08,安定區,6.0
3002,2015-09-08,安平區,0.0
3003,2015-09-08,官田區,0.0
3004,2015-09-08,山上區,6.0
3005,2015-09-08,後壁區,2.0
3006,2015-09-08,新化區,0.0
3007,2015-09-08,新市區,0.0
3008,2015-09-08,新營區,1.5
3009,2015-09-08,楠西區,0.6666666666666666
3010,2015-09-08,歸仁區,0.0
3011,2015-09-08,永康區,4.0
3012,2015-09-08,西港區,4.0
3013,2015-09-08,麻豆區,6.25
3014,2015-09-09,七股區,1.0
3015,2015-09-09,下營區,0.0
3016,2015-09-09,中西區,1.0
3017,2015-09-09,仁德區,1.4285714285714286
3018,2015-09-09,北區,1.5
3019,2015-09-09,北門區,0.0
3020,2015-09-09,南區,3.0
3021,2015-09-09,大內區,0.0
3022,2015-09-09,安南區,0.0
3023,2015-09-09,安定區,10.0
3024,2015-09-09,安平區,1.0
3025,2015-09-09,山上區,0.0
3026,2015-09-09,左鎮區,0.0
3027,2015-09-09,後壁區,4.333333333333333
3028,2015-09-09,新化區,1.125
3029,2015-09-09,新營區,0.0
3030,2015-09-09,柳營區,4.0
3031,2015-09-09,歸仁區,2.6666666666666665
3032,2015-09-09,永康區,4.5
3033,2015-09-09,玉井區,0.0
3034,2015-09-09,白河區,22.0
3035,2015-09-09,關廟區,4.5
3036,2015-09-09,麻豆區,2.0
3037,2015-09-09,龍崎區,1.0
